,short_description
0,भारत ऑस्ट्रेलिय टेस्ट सिरीज़ ऐतिहासिक जीत दर्ज चौथ निर्णायक मैच नौजवान गेंदबाज़ मोहम्मद सिराज अहम भूमिक निभ 
1,ब्रिस्बेन टेस्ट भारत दीवार कह वाल चेतेश्वर पुजार अर्धशतक जम पार के वो चोटिल ऑस्ट्रेलिय गेंदबाज़ गेंद उनक शरीर लग 
2,पाकिस्ता टीव प्रेजेंटर सैय्यद इक़रारुल हसन अप ट्वीट के कारण निश आ उन्ह देशद्रोह कह लग 
3,पूछ जाए दिल्ल पहल गणतंत्र दिवस परेड कह इसक जवाब वो राजपथ देग सह नह 
4,वेब सिरीज़ तांडव ले जार विवाद कार्टून 
5,बेक समझौ H1B वीज़ के नए नियम क्वॉड समूह गठन - ऐस फैसल ट्रंप कार्यकाल अमेरिका-भारत के क्य ट्रंप शासन भारत के सब अच्छा-अच्छ रह 
6,विपक्ष कांग्रेस पार्ट सरकार स्थित स्पष्ट कह दूसर ओर सरकार कह स्थित उसक नज़र 
7,बाइडन-कमल हैरिस टीम अप प्रशासन के भारतीय मूल के 20 अमेरिक सदस्य घोषण उन्ह पद के चु 
8,लंब कूद खिलाड़ शैल सिंह बी जम स्टार खिलाड़ अंज बॉब जॉर्ज विरासत संभाल काबिलियत रख 
9,बाइडन अमेरिक के अगल राष्ट्रपत बन कमल हैरिस उप-राष्ट्रपत पद शपथ ली ट्रंप शपथग्रहण समारोह शामिल मन दिय फ़्लोरिड चल 
10,मोहम्मद सिराज शार्दुल ठाकुर वॉशिंगटन सुंदर हनुम विहार शुभमन गिल ऋषभ पंत जैस यंग ब्लड ऑस्ट्रेलिय जख़्म टीम इंडिय मान नई ऊर्ज भर दी 
11,ब्रिसबेन के गाब मैदान टेस्ट मैच इतिहास दर्ज चुक के भारत सिरीज़ अप नाम 
12,सिराज संकल्प पंत परिपक्व शुभमन संयम पुजार परिश्रम शार्दुल सुंदर साहस दास्त भारत युव शक्त 
13,हिंदुस्तान ज़मीन हज़ार मील ऑस्ट्रेलिय धर जैस बी महीन जीवन पूर सार लिख दिय गय 
14,स्वास्थ्य मंत्रालय द्वार जार आँकड़ के मुताबिक़ कर्नाटक ओडिश पंजाब पश्चिम बंगाल तेलंग वो राज्य जह सबस ज़्याद लोग टीक लग बाक़ राज्य क्य पिछड़ रह 
15,गुजरात के सूरत कोसाम्ब के पास दर्दनाक हादस सड़क के नज़दीक रह मज़दूर के ट्रक गुज़र गय 
16,भारत रूस के रिश्त बढ़ अटकल के रूस विदेश मंत्र सर्गेइ लवरोव सोमवार कह रूस के भारत ख़ास 
17,पूर दुनिय भर फैल बीबीस के दर्शक पाठक श्रो बीबीस भारतीय भाष के प्लेटफॉर्म बीबीस स्पोर्ट वेबसाइट चु खिलाड़ के पक्ष वोटिंग वोटिंग के आधार जीत वाल खिलाड़ के नाम ऐलान 8 मार्च किय जाएग 
18,भारत ऑस्ट्रेलिय उसक अपराजेय मा रह गाब धूल चट सोशल मीडिय लोग लग चौके-छक्क 
19,रैल लोग तख़्त जिनम मोद समेत दुनिय के तस्वीर थीं लिख सिंध पाकिस्तान आज़ाद चाह 
20,सिरीज़ ऋषभ पंत चेतेश्वर पुजार शुभमन गिल शार्दुल ठाकुर मोहम्मद सिराज जैस खिलाड़ बेहद निर्णायक भूमिक निभ वो दिख दिन पहल लगभग असंभव सा लग रह 
21,भारत ऑस्ट्रेलिय यादगार जीत ऋषभ पंत शुभमन पुजार के बल्ल लिख इबारत 
22,गुजरात के मुख्यमंत्र विजय रूपाण मृतक के परिजन 2 लाख रुपय अनुग्रह राश दे घोषण 
23,भारतीय महिल कबड्ड टीम खिलाड़ सोनाल विष्ण शिंगेट महाराष्ट्र के बेहद आम पृष्ठभूम वाल परिवार आत 
24,भारत कोरो टीकाकरण शुर तीन दिन चुक भारत सरकार के स्वास्थ्य मंत्रालय के मुताबिक़ 3 लाख 81 हज़ार ज़्याद लोग कोरो टीक लग चुक 
25,पाकिस्ता टीव शो होस्ट वाल इक़रारुल हसन भारत तारीफ़ लोग उन्ह ग़द्दार कह लग उनक बचाव पाकिस्तान हस्त साम आईं 
26,13 साल उम्र इंस्टाग्राम 60 हज़ार फ़ॉलोअर्स यूट्यूब पौ लाख सब्सक्राइबर्स इत उमर् मशहूर लड़क मलीश मुंबई झुग्ग रह 
27,भारत दुनिय के सबस बड़ टीकाकरण कार्यक्रम शुरुआत चुक लोग के मन वैक्सीन ले संदेह क्य 
28,पुरुलिय सभ संबोधित मम बनर्ज कह पढ़ दिनभर सभ बड़ ज़रूर ख़बर बीबीस हिंद के लाइव पन् 
29,रिपब्लिक मीडिय नेटवर्क के एडिटर-इन-चीफ़ अर्नब गोस्वाम बार्क के पूर्व सीईओ पार्थ दासगुप् के कथित व्हॉट्सएप चैट्स के लीक विवाद पाकिस्तान पहुँच गय 
30,हाल नेपाल के विदेश मंत्र प्रदीप ज्ञवाल भारत दौर आए ऐस संभाव वो भारतीय प्रधानमंत्र मुलाक़ात ऐस नह सक 
31,मोहम्मद सिराज शार्दुल ठाकुर प्रभावशाल गेंदबाज़ ऑस्ट्रेलिय टीम दूसर पार 294 आउट 
32,ओलंपिक पदक विजे साक्ष मलिक सोनम लगातार बार हर सनस फैल दी 
33,देश कोरो वायरस वैक्सीन 16 जनवर लोग दिए के इलाक इसक साइड इफेक्ट ख़बर आ रह थीं स्वास्थ्य मंत्रालय इसक पुष्ट इसक बार विस्तार बत 
34,किसान संघर्ष समित आरोप सरकार के इशार लोग आंदोलन हिंसक बन चाह 
36,रामपुर सहसवान घर ताल्लुक रख वाल शास्त्रीय संगीतकार उस्ताद ग़ुलाम मुस्तफ़ ख़ान 89 वर्ष उम्र निधन गय 
37,भारतीय वाय के प्रमुख एयर मार्शल आरकेएस भदौरिय कह स्वदेश लड़ाक विमान- तेजस बालाकोट जैस सर्जिकल स्ट्राइक बारीक अंज़ाम दे मददगार होग 
38,हाल भारत के मुख्य न्यायाधीश किसान आंदोलन ले टिप्पण प्रदर्शन शामिल महिल बुज़ुर्ग घर चल चाह 
39,मैथिल हिंद के लेखक राजकमल चौधर लिख तत्कालीन समाज निम्न महिल दश बय 
40,भारतीय वाय के प्रमुख एयर मार्शल आरकेएस भदौरिय कह स्वदेश लड़ाक विमान- तेजस बालाकोट जैस सर्जिकल स्ट्राइक बारीक अंज़ाम दे मददगार होग 
41,हाल भारत के मुख्य न्यायाधीश किसान आंदोलन ले टिप्पण प्रदर्शन शामिल महिल बुज़ुर्ग घर चल चाह 
42,मैथिल हिंद के लेखक राजकमल चौधर लिख तत्कालीन समाज निम्न महिल दश बय 
43,शुर वीक विस्मय के पास सिंथेटिक ट्रैक आधुनिक जिम सुविध नह इसक बजाय उन्ह कीचड़ भड़ ट्रैक ट्रेनिंग ले मॉनसून के दिन ट्रेनिंग मुश्किल 
44,राहुल गाँध विदेश मामल संसदीय परामर्श कमेट बैठक जयशकंर तीख सवाल पूछ 
45,दूसर शाद हमेश चुपचाप गिनेचु लोग मौजूदग ‘निपटा’ दी क्योंक समाज मान शाद बस बार 
46,किसान कह 26 जनवर किसान ट्रैक्टर रैल निकाल उसक गणतंत्र दिवस परेड असर नह होग पढ़ बड़ ख़बर 
47,व्हाट्सएप भेज नोटिस के मुताबिक लोग 17 जनवर नई दिल्ल एनआईए के मुख्यालय पेश के कह गय 
48,मेजबान ऑस्ट्रेलिय टीम पहल बल्लेबाज पहल पार 369 रन बन भारत के 2 विकेट 62 रन 
49,16 दिसंबर 1971 दोपहर ढाक पाकिस्ता के मुख्यालय हथियार डाल पहल पाकिस्ता के चोट के अफ़सर दिन खा खा रह 
50,भारत हाल वर्ष संयुक्त राष्ट्र सुरक्ष परिषद तीन अलग-अलग कमेट अध्यक्ष अवसर मिल 
51,लोग वैक्सीन ले खुश लोग इसक रिएक्शन डर 
52,असम सरकार अवैध प्रवास घुसपैठ जुड़ मुद्द ले पुलिस कमेट ऐस बन प्रदेश विधानसभ चुनाव वाल 
53,दौर टीम इंडिय के चोटिल वाल खिलाड़ संख्य दर्जन भर पहुँच सवाल दौर क्रिकेटर लगातार चोटिल क्य रह 
55,सुमित्र नायक भारत राष्ट्रीय महिल रग्ब टीम जगह बन के ग़रीब घरेल हिंस समेत चुनौत साम किय 
56,दोन विमान तेजस जेएफ़-17 लंब मार वाल मिसाइल लैस 
57,तीन कमेट अध्यक्ष भारत मिल उनम तालिबान सेंक्शन काउंटर टेररिज़्म लीबिय सेंक्शन कमेट शामिल 
58,1971 के बांग्लादेश युद्ध पाकिस्ता सैनिक आत्मसमर्पण जनरल जे एफ आर जैकब महत्वपूर्ण भूमिक 
59,भारत चौथ टेस्ट मैच बि अहम खिलाड़ के खेल रह रविंद्र जडेज जसप्रीत बुमराह अश्विन चोट के कारण पड़ 
60,पाकिस्तान के हज़ार मुसलमान काफ़ निश बन रह हज़ार कह आए पाकिस्तान 
61,ब्रिस्बेन शुक्रवार निर्णायक टेस्ट शुर होग भारत आध ज़्याद टीम अभ डॉक्टर निर्भर 
62,पाकिस्तान के पूर्व तेज़ गेंदबाज़ शोएब अख़्तर टीम इंडिय के जीवट खेल ले तारीफ़ के पुल बांध 
63,इलाहाबाद हाईकोर्ट के ताज़ फ़ैसल के स्पेशल मैरिज ऐक्ट के शाद वाल जोड़ सार्वजनिक नोटिस बाध नह गुज़र होग 
64,पीएम मोद ऐस क्य ग़ल कृष क़ानून के मुद्द किसान के प्रदर्शन दुनिय के सबस बड़ विरोध प्रदर्शन बदल दिय 
65,भारत वैक्सीन सप्ल कार्टून 
66,औरंगाबाद सिट औरंगाबाद ज़िल नय नाम रख बहस जब-तब उठ खड़ 
67,किसान के संगठन के प्रतिनिध भारतीय किसान यूनियन के राकेश टिकैत बीबीस बात कह चार लोग कमिट बन उनपर किसान भरोस इसल नह 
68,भारत के प्रमुख जनरल एमएम नरवण कह पाकिस्तान चीन मिल भारत के ख़तर पैद सक 
69,संगीत सोम कोरो वैक्सीन विरोध वाल पाकिस्ता मानसिक बत सलाह दे डाल प्रेस रिव्य 
70,भारत वैक्सीन सप्ल कार्टून 
71,औरंगाबाद सिट औरंगाबाद ज़िल नय नाम रख बहस जब-तब उठ खड़ 
72,किसान के संगठन के प्रतिनिध भारतीय किसान यूनियन के राकेश टिकैत बीबीस बात कह चार लोग कमिट बन उनपर किसान भरोस इसल नह 
73,भारत के प्रमुख जनरल एमएम नरवण कह पाकिस्तान चीन मिल भारत के ख़तर पैद सक 
74,संगीत सोम कोरो वैक्सीन विरोध वाल पाकिस्ता मानसिक बत सलाह दे डाल प्रेस रिव्य 
75,अमेरिक संसद राष्ट्रपत ट्रंप के ख़िलाफ़ महाभियोग प्रस्ताव पारित गय ट्रंप बयान जार लोग शांत बन रख अपील 
76,ऑस्ट्रेलिय बल्लेबाज़ स्टीव स्मिथ सिड टेस्ट के अंतिम दिन ऋषभ पंत बैटिंग क्रीज़ ख़राब के आरोप हैरान पंत शतक केवल तीन रन पहल आउट 
77,दिल्ल के बॉर्डर आंदोलन रह किसान कह वो सुप्रीम कोर्ट पहल स्वागत उनक आरोप कमिट किसान मांग ले बन वो सरकार के पक्ष काम 
78,नगालैंड के फेक जिल कुटसाप गांव अचानक चर्च 26 दिसंबर गांव ट्रक दुर्घटनाग्रस्त गय ट्रक सड़क करीब 525 फुट नीच गिर गय 
79,कृष क़ानून SC लग रोक सिंघ बॉर्डर कैस माहौल ज़्याद जानकार के बीबीस संवादद अरविंद छाबड़ 
80,सुप्रीम कोर्ट कह किसान के मुद्द हल निकाल के बन कमेट मही के अप रिपोर्ट अदालत के साम पेश 
81,सुप्रीम कोर्ट कृष क़ानून विभिन्न पक्ष सुन ज़मी स्थित जायज ले के समित गठन किय 
82,किसान के रोष के चल हरियाण सियासत बड़ हलचल शुर चुक क्य दुष्यंत देंग इस्तीफ़ 
83,‘यूरोपीय क्षेत्र’ के भारत रह इंस्टैंट मैसेजिंग ऐप वॉट्सऐप आपक अप प्राइवेस पॉलिस शर्त बदलाव रह 
84,पाकिस्तान के ताक़तवर तस् कैस आज़ाद के स्मगलिंग के धंध भारत के एकाधिकार ख़त्म किय सेठ आबिद दिलचस्प 
85,आरटीआई पत चल स्कीम फ़ायद बड़ संख्य ऐस किसान उठ आय दे 
87,सेल्फ़ के अप जीवन क्य दांव लग लोग ऐस सोच कैस रोक सक 
88,श्रीपद नाइक कर्नाटक येलापुर गोकरन रह उनक कार सड़क के किनार गड्ढ गिर 
89,ऑस्ट्रेलिय कप्तान टिम पेन रविचंद्रन अश्विन अपमान किय तीन कैच गिर इसक भारत असंभव लग रह टेस्ट मैच ड्रॉ जिसस मैच पेन के करियर सबस बुर याद बन गय 
91,अमेरिक संसद के निचल सदन हाउस ऑफ़ रिप्रेज़ेन्टेटिव्स राष्ट्रपत ट्रंप हट के प्रस्ताव पेश किय गय 
92,सुप्रीम कोर्ट मंगलवार केंद्र के तीन कृष क़ानून फ़ैसल सुन 
93,प्रधानमंत्र ओल संकेत दिए 14 जनवर नेपाल के विदेश मंत्र प्रदीप ज्ञावल भारत के दौर वो कालापानी-लिपुलेख लिम्पियाधुर के मुद्द उठ इसक हल के वार् 
94,मध्यप्रदेश गोडस ज्ञानशाल कार्टून 
95,भारत ऑस्ट्रेलिय के सिड खेल गय तीसर टेस्ट मैच बि नतीज के समाप्त ऑस्ट्रेलिय भारत के साम दूसर पार जीत के 407 रन लक्ष्य रख जिसक जवाब भारत पाँच विकेट के नुक़सान 334 रन बन 
96,प्रधानमंत्र नरेंद्र मोद कोरो के टीकाकरण के बार मुख्यमंत्र बातचीत के बात कह 
97,शास्त्र के शव दिल्ल ला के ताशकंद हवाईअड्ड ले जाय रह रास् हर सोवियत भारतीय पाकिस्ता झंड झुक 
98,सिड टेस्ट भारतीय खिलाड़ दर्शक ओर नस्लभेद टिप्पण साम पड़ 
99,ब्रिटेन बच्च सोशल मीडिय के ज़र भारत चल रह किसान प्रदर्शन ले जागरूक बढ़ रह बच्च अभियान ब्रिटेन चर्च विषय बन गय 
102,दुर्घट कर्नाटक के उत्तर कन्नड़ ज़िल अंकोल के पास मंत्र उनक पत् फ़ौरन हेलिकॉप्टर एंबुलेंस गोव ले जाय गय जह केंद्रीय मंत्र पत् निधन गय 
103,भारतीय फ़ार्म कंपन न सिर्फ अप लोग टीकाकरण बल्क दूसर देश वैक्सीन सप्ल 
104,सिड टेस्ट के अंतिम दिन भारत जीत के 407 रन बन भारत पाँच विकेट खो 334 रन बन सक 
105,क्रिकेट ऑस्ट्रेलिय अप आधिकारिक बयान जार किय मेज़बान के ना भारतीय क्रिकेट टीम माफ़ मांग 
106,महाराष्ट्र के भंडार ज़िल अस्पताल आग लग बच्च मौत के मामल प्रशासन क्य रह 
107,कृष कानून विरोध रह किसान हंगाम हरियाण के मुख्यमंत्र रैल रद्द 
108,चावल पक के उबाल नह पड़ बस देर पा रख के खा के तैयार 
109,माइकल जैक्सन भारत केवल शो किय क्य शो जुड़ सबस दिलचस्प 
111,तीन कृष क़ानून विरोध रह किसान के सरकार के आठ दौर बातचीत के गतिरोध ख़त्म नह 
113,स्टीव स्मिथ 34 फ़ीसद अंतरराष्ट्रीय शतक भारत के ख़िलाफ़ बन उन्ह भारत के ख़िलाफ़ बल्लेबाज़ पसंद 
114,चार टेस्ट मैच सिरीज़ दोन टीम एक-एक बराबर सिड क्रिकेट ग्राउंड तीसर टेस्ट मैच खेल रह 
115,पिछल एक-द दिन आपक पास वॉट्सऐप प्राइवेस पॉलिस जुड़ नोटिफ़िकेशन आय ‘आई एग्री’ क्लिक करक आग बढ़ लेख ध्यान पढ़ 
116,25 फ़रवर नीरव मोद बत जाएग क्य उनक प्रत्यर्पण किय जाएग पीएनब ग़बन मामल भारत धोखाधड़ मन लॉन्ड्रिंग केस चल 
117,लड़क लड़क शाद दोन लड़क लड़क प्यार 
118,मालगाड़ इंजन जिसम 180 कंटेनर नीच रख 
119,हीरामन कोरव जनजात आत विलुप्त कोरव भाष शब्दकोश क़र्ज़ ले तैयार किय 
120,उत्तर प्रदेश के मिर्ज़ापुर ज़िल युवक क़रीब 11 साल पहल ग़ल सीम पार करक पाकिस्तान चल गय 
121,स्टूडेंट्स शिक्षक ओर शिकायत साल ज़्याद वक़्त गुज़र के बावजूद मामल गिरफ़्तार नह जबक हिंस के वीडिय तस्वीर वायरल थीं 
122,सोमवार केरल हिमाचल प्रदेश राजस्थान बात पुष्ट दी उनक बड़ पैम पक्ष मौत वजह बर्ड फ्ल 
123,भारत कोरो वायरस बचाव के वैक्सीन तैयार वाल कंपन भारत बायोटेक सीरम इंस्टीट्यूट ऑफ़ इंडिय मंगलवार साझ बयान जार किय विवाद सुलह क्या-क्य जान पूर बात 
124,बर्ड फ्ल के मामल कार्टून 
125,चीन के जुंग सानसान भारत के मुकेश अंबा पीछ छोड़ एशिय के सबस धन व्यक्त बन 
126,ड्रग कंट्रोलर जनरल ऑफ़ इंडिय डीसीजीआई रविवार कोविड-19 के इलाज के वैक्सीन के आपातकालीन इस्तेमाल अनुमत दे दी 
127,कांग्रेस प्रियंक गांध के पत कारोबार रॉबर्ट वाड्र सोमवार आय विभाग तलब किय 
128,उत्तर प्रदेश के गाज़ियाबाद ज़िल के मुरादनगर इलाक श्मशान घाट छत गिर घट 25 लोग मौत 
129,किसान 26 जनवर दिल्ल के राजपथ ट्रैक्टर परेड तैयार रह हरियाण के जींद महिल किसान ट्रैक्टर-ट्रॉल चल ट्रेनिंग ले रह 
130,भारत भाग हीर व्यापार नीरव मोद बहन बहनोई सरकार गवाह बन ले आवेदन दिय 
131,मनोरंजन ले साल 2021 सी उम्मीद उम्मीद इसल अधिक क्योंक वो फ़िल्म साल रिलीज़ होंग बी साल रिलीज़ नह हुईं 
132,मुग़ल सल्तनत के संस्थापक बाबर 1483-1530 जह विजे के रूप देख वर्णित किय दूसर ओर उन्ह बड़ कलाकार लेखक मा 
133,भारत सरकार लाल माँस संबंधित अप नियमावल हलाल शब्द हट दिय 
134,चार टेस्ट मैच के सिरीज़ तीसर टेस्ट मैच सिड खेल रह ऑस्ट्रेलिय टीम टॉस जीत पहल बल्लेबाज़ रह 
135,बात कारोबार अमेरिक लगातार दूसर वित्त वर्ष भारत सबस बड़ व्यापारिक भागीदार बन रह 
136,बाइडन बुधवार कैपिटल बिल्डिंग घट अमेरिक के इतिहास के सबस काल दिन करार दिय 
137,राष्ट्रीय कामधेन आयोग अप पहल कामधेन गौ विज्ञान प्रचार प्रसार परीक्ष आयोजित रह 
138,जस्टिस खन् अप विरोध फ़ैसल कह निर्णय ले प्रक्रिय जन हिस्सेदार मशी प्रक्रिय औपचारिक भर नह सक 
139,भारतीय ईश्वर पूज के अप अधिकार लड़ लड़ 
140,इतिहासकार के लेखन दस्तावेज़ पत चल दार शिकोह दिल्ल हुमायूं के मक़बर कह दफ़न किय गय 
141,हिटमैन के नाम मशहूर रोहित शर्म ज़िंदग उनक खेल जुड़ किस्स सुन 
142,भारत वैक्सीनेशन तैयार कार्टून 
143,चीन के राष्ट्रपत शी जिनपिंग तीन महीन के दूसर बार अप युद्ध के ख़ुद तैयार रख आह्वान किय 
144,रविवार भारत के ड्रग रेग्यूलेटर स्वदेश वैक्सीन कोवैक्सीन आपातकालीन इस्तेमाल के मंज़ूर दे दी वो बि तीसर चरण के ट्रायल के 
146,भारत दिन कोरो वायरस के ख़िलाफ़ बड़ पैम टीकाकरण शुर तैयार चल रह 
147,भारत चीन के वास्तविक नियंत्रण रेख चल रह सीम विवाद के चीन भारत अप घरेल मसल ज़्याद ध्यान दे नसीहत दी 
148,अचानक समाचार सुन दिय युगांड के तानाशाह ईद अमीन युगांड वर्ष रह रह 60000 एशिय अचानक देश छोड़ दे आदेश दे दिय 
150,कोरो वैक्सीन तैयार कार्टून 
151,किसान सरकार के सातव दौर बातचीत बेनतीज़ खत्म किसान केंद्र सरकार के अगल वार् आठ तारीख़ शुक्रवार होग 
152,भारत दव नियामक संस्थ के प्रमुख कह देश कोरो वैक्सीन मंज़ूर दी वो सुरक्षित 
153,सिविकस रिपोर्ट कंबोडिय थाईलैंड श्रीलंक वियतनाम ज़िक्र किय गय के हालात ले चिं ज़ाहिर आम लोग बेवजह निश बन गय कठोर यात दी गईं 
154,मेलबर्न इंडोर रेस्तर वीडिय वायरल के भारतीय क्रिकेट टीम सपोर्ट स्टाफ़ कोरो वायरस टेस्ट किय गय 
155,ऑक्सफोर्ड कोविशील्ड भारत बायोटेक कोवैक्सीन मंज़ूर दी दोन के डेट सार्वजनिक नह ऐस चिं ज़ाहिर रह 
156,23 साल के प्रभात साह क्रिप्टोग्राफ मदद ऐस तकनीक विकसित जिसक मदद पासवर्ड ओटीप के बि ट्रांजैक्शन किय सक 
157,भारत तनाव के ची राष्ट्रपत शी जिनपिंग तैनात शक्त अप पास ले ली 
158,पाकिस्तान वाय के अत्याधुनिक लड़ाक विमान जेएफ़-17 के ब्लॉक-थ्र तैयार शुर दी चीन के सहयोग बन चौदह जेएफ़-17ब विमान पाकिस्तान वाय सौंप दिए 
159,बाबर मुग़ल सल्तनत स्थाप बुलंद के दिन उसक पास दुनिय चौथ अधिक दौलत सल्तनत क्षेत्रफल अफ़ग़ानिस्तान समेत लगभग पूर उपमहाद्वीप फैल 
160,चीन कोरो वायरस के नए वैरिएंट पहल मामल साम आय ऐस दाव किय रह कोरो वायरस नय वैरिएंट पहल तुल 40-70 फ़ीसद अधिक तेज़ फैल वाल 
161,सरकार किसान के अगल बैठक चार जनवर होग 
162,सोनल शर्म राजस्थान न्यायिक सेव आरजेएस 2018 चयन 
163,साल 2020 कोविड-19 के ख़िलाफ़ जंग फ़्रंटलाइन रह डॉक्टर्स स्वास्थ्यकर्म वायरस संक्रमित उनम कइय मौत 
164,असम नागरिक संशोधन क़ानून ले विरोध-प्रदर्शन शुर पिछल साल 11 दिसंबर क़ानून संसद पारित किय गय 
165,सोनल शर्म राजस्थान न्यायिक सेव आरजेएस 2018 चयन 
166,104 पूर्व नौकरशाह यूप के मुख्यमंत्र संबोधित धर्मांतरण अध्यादेश के विरोध पत्र लिख बीजेप कह योग आदित्यनाथ आग अंदाज़ काम रह 
167,किसान संगठन तीन कृष क़ानून वापस ले माँग अड़ रह जबक केंद्र सरकार कह चुक वो क़ानून वापस नह लेग 
168,किसान सरकार के छठ दौर बातचीत पहल जान पूर्व कृष मंत्र पूर्व फ़ूड कमिश्नर पूर्व एफ़सीआई चेयरमैन मुद्द जुड़ जानकार क्य होग रास् 
169,सरकार किसान संगठन के छह दौर बातचीत चुक केंद्र सरकार साफ़ दिय नए कृष क़ानून वापस नह जाएँग आख़िर क्य 
170,जैक मा शंघ अक्टूबर के अंत फोरम के सार्वजनिक तौर नह दिख दिए 
171,कोरो वैक्सीन तैयार कार्टून 
172,किसान सरकार के सातव दौर बातचीत बेनतीज़ खत्म किसान केंद्र सरकार के अगल वार् आठ तारीख़ शुक्रवार होग 
173,भारत दव नियामक संस्थ के प्रमुख कह देश कोरो वैक्सीन मंज़ूर दी वो सुरक्षित 
174,सिविकस रिपोर्ट कंबोडिय थाईलैंड श्रीलंक वियतनाम ज़िक्र किय गय के हालात ले चिं ज़ाहिर आम लोग बेवजह निश बन गय कठोर यात दी गईं 
175,मेलबर्न इंडोर रेस्तर वीडिय वायरल के भारतीय क्रिकेट टीम सपोर्ट स्टाफ़ कोरो वायरस टेस्ट किय गय 
176,ऑक्सफोर्ड कोविशील्ड भारत बायोटेक कोवैक्सीन मंज़ूर दी दोन के डेट सार्वजनिक नह ऐस चिं ज़ाहिर रह 
177,23 साल के प्रभात साह क्रिप्टोग्राफ मदद ऐस तकनीक विकसित जिसक मदद पासवर्ड ओटीप के बि ट्रांजैक्शन किय सक 
178,भारत तनाव के ची राष्ट्रपत शी जिनपिंग तैनात शक्त अप पास ले ली 
179,पाकिस्तान वाय के अत्याधुनिक लड़ाक विमान जेएफ़-17 के ब्लॉक-थ्र तैयार शुर दी चीन के सहयोग बन चौदह जेएफ़-17ब विमान पाकिस्तान वाय सौंप दिए 
180,चीन कोरो वायरस के नए वैरिएंट पहल मामल साम आय ऐस दाव किय रह कोरो वायरस नय वैरिएंट पहल तुल 40-70 फ़ीसद अधिक तेज़ फैल वाल 
181,सरकार किसान के अगल बैठक चार जनवर होग 
182,सोनल शर्म राजस्थान न्यायिक सेव आरजेएस 2018 चयन 
183,साल 2020 कोविड-19 के ख़िलाफ़ जंग फ़्रंटलाइन रह डॉक्टर्स स्वास्थ्यकर्म वायरस संक्रमित उनम कइय मौत 
184,असम नागरिक संशोधन क़ानून ले विरोध-प्रदर्शन शुर पिछल साल 11 दिसंबर क़ानून संसद पारित किय गय 
185,सोनल शर्म राजस्थान न्यायिक सेव आरजेएस 2018 चयन 
186,104 पूर्व नौकरशाह यूप के मुख्यमंत्र संबोधित धर्मांतरण अध्यादेश के विरोध पत्र लिख बीजेप कह योग आदित्यनाथ आग अंदाज़ काम रह 
187,किसान संगठन तीन कृष क़ानून वापस ले माँग अड़ रह जबक केंद्र सरकार कह चुक वो क़ानून वापस नह लेग 
188,किसान सरकार के छठ दौर बातचीत पहल जान पूर्व कृष मंत्र पूर्व फ़ूड कमिश्नर पूर्व एफ़सीआई चेयरमैन मुद्द जुड़ जानकार क्य होग रास् 
189,सरकार किसान संगठन के छह दौर बातचीत चुक केंद्र सरकार साफ़ दिय नए कृष क़ानून वापस नह जाएँग आख़िर क्य 
191,दिल्ल अलग-अलग सीम अप माँग ले प्रदर्शन रह किसान आख़िर नय साल क्य उम्मीद रख 
192,दलित के विजय किस्स के वाल भीम कोरेगांव 2018 हिंस के ज़्याद चर्च रह हिंस के मामल देश के जाने-म बुद्धिजीव अभियुक्त बन गय यूएपीए धार लग गईं जान जगह इतिहास दिश रह 2018 हिंस जांच 
193,नेपाल के हालिय संकट चीन के झटक भारत जीत के तौर क्य देख रह भारतीय मीडिय ओल चीन समर्थक कह क्य वो भारत के पक्ष आ 
194,मामल भारत के जाने-म मानवाधिकार कार्यकर् बुद्धिजीव जेल पुलिस इन्ह जेल चश्म स्ट्रॉ दे इनकार रह जान क्य 
195,विदेश राजनयिक कह रह चीन ओल के क़दम हैरान सीनियर यूरोपियन डिप्लोमैट कह महामार के प्रधानमंत्र ओल के क़दम चीन नाराज़ 
196,देख तस्वीर देश दुनिय लोग अंदाज़ मन नए साल जश्न 
197,साल के आख़र किसान आंदोलन सुर्ख बटोर 
198,केंद्रीय शिक्ष मंत्र रमेश पोखरियाल निशंक सीबीएसई बोर्ड 10व 12व परीक्ष घोषण 
199,सरकार प्रेस रिलीज़ के मुताबिक़ देशभर क़रीब 96000 वैक्सीन दे वाल इसक ट्रेन किय गय 
200,दलित के विजय किस्स के वाल भीम कोरेगांव 2018 हिंस के ज़्याद चर्च रह हिंस के मामल देश के जाने-म बुद्धिजीव अभियुक्त बन गय यूएपीए धार लग गईं जान जगह इतिहास दिश रह 2018 हिंस जांच 
201,नेपाल के हालिय संकट चीन के झटक भारत जीत के तौर क्य देख रह भारतीय मीडिय ओल चीन समर्थक कह क्य वो भारत के पक्ष आ 
202,मामल भारत के जाने-म मानवाधिकार कार्यकर् बुद्धिजीव जेल पुलिस इन्ह जेल चश्म स्ट्रॉ दे इनकार रह जान क्य 
203,विदेश राजनयिक कह रह चीन ओल के क़दम हैरान सीनियर यूरोपियन डिप्लोमैट कह महामार के प्रधानमंत्र ओल के क़दम चीन नाराज़ 
204,देख तस्वीर देश दुनिय लोग अंदाज़ मन नए साल जश्न 
205,साल के आख़र किसान आंदोलन सुर्ख बटोर 
206,केंद्रीय शिक्ष मंत्र रमेश पोखरियाल निशंक सीबीएसई बोर्ड 10व 12व परीक्ष घोषण 
207,सरकार प्रेस रिलीज़ के मुताबिक़ देशभर क़रीब 96000 वैक्सीन दे वाल इसक ट्रेन किय गय 
208,भार ब्याज दर लोग ज़िंदग नरक बन वाल लोन एप्स क्य इनक पीछ चीन भूमिक 
209,रमेश पोखरियाल निशंक गुरुवार 31 दिसंबर दसव बारहव बोर्ड परीक्ष तारीख़ ऐलान किय 
210,पिछल दिन ऐस मामल साम आए जिनम सरकार के आलोचक रह क़ैद के क्रूर बर रह 
212,भारत ऑस्ट्रेलिय के खेल रह दूसर टेस्ट मैच के चौथ दिन खेल शुर गय मैच मेलबर्न क्रिकेट ग्राउंड खेल रह 
213,आख़िर ऐस क्य कृष पंजाब उत्तर प्रदेश अधिक भागीदार वाल राज्य बिहार किसान नह क्य कृष सब बढ़िय चल रह 
214,नागौर आरएलप के इकलौ सांसद हनुमान बेनीवाल जयपुर-दिल्ल हाइव किसान के प्रदर्शन पहुंच चर्च रह किसान उनक पढ़ क्य पूर मामल 
215,आंदोलन रह किसान रविवार ताल थाल बज पीएम मोद के ‘मन बात’ कार्यक्रम विरोध किय 
216,बीजेप कांग्रेस अकाल आक्रामक केजरीवाल अवसरवादि करार दे रह आम आदम पार्ट दाव वो किसान के दिन खड़ क़ानून लोकसभ राज्य सभ पास 
217,महिल किसान कह यूनियन के उनक ना अप समुदाय धर्म जुड़ अप जमीन नुमाइंदग रह 
218,केंद्र सरकार के कृष क़ानून विरोध रह किसान छह महीन प्रदर्शन तैयार के आए लोग बात यकीन मुश्किल सक किसान आंदोलन महाराष्ट्र छह साल चल 
220,पिछल दिन ऐस मामल साम आए जिनम सरकार के आलोचक रह क़ैद के क्रूर बर रह 
222,भारत ऑस्ट्रेलिय के खेल रह दूसर टेस्ट मैच के चौथ दिन खेल शुर गय मैच मेलबर्न क्रिकेट ग्राउंड खेल रह 
223,आख़िर ऐस क्य कृष पंजाब उत्तर प्रदेश अधिक भागीदार वाल राज्य बिहार किसान नह क्य कृष सब बढ़िय चल रह 
224,नागौर आरएलप के इकलौ सांसद हनुमान बेनीवाल जयपुर-दिल्ल हाइव किसान के प्रदर्शन पहुंच चर्च रह किसान उनक पढ़ क्य पूर मामल 
225,आंदोलन रह किसान रविवार ताल थाल बज पीएम मोद के ‘मन बात’ कार्यक्रम विरोध किय 
226,बीजेप कांग्रेस अकाल आक्रामक केजरीवाल अवसरवादि करार दे रह आम आदम पार्ट दाव वो किसान के दिन खड़ क़ानून लोकसभ राज्य सभ पास 
227,महिल किसान कह यूनियन के उनक ना अप समुदाय धर्म जुड़ अप जमीन नुमाइंदग रह 
228,झारखंड मुक्त मोर्च के नेतृत्व वाल महागठबंधन सरकार 29 दिसंबर राज्य सत् साल पूर 
229,रजनीकांत के मुताबिक़ ख़राब सेहत के कारण उन्ह फ़ैसल ले पड़ 
230,भारत अमेरिक जापान ऑस्ट्रेलिय क्वॉड समूह बन समूह औपचारिक दिय 
231,17 दिसंबर भारत के पीएम नरेंद्र मोद बांग्लादेश प्रधानमंत्र शेख हसी के वर्चुअल मीटिंग 
232,प्रस्तावित सेंट्रल विस्ट प्रोजेक्ट ज़्याद जानकार मिल के सवाल फ़ेहरिस्त लंब रह सुप्रीम कोर्ट संसद के निर्माण सरकार के रुख़ आक्रामक बत 
233,दोन पक्ष आठ स्तर सैन्य वार् चुक सीम मुद्द सुलझ प्रगत नह दिख भारत के पास क्य विकल्प 
235,मामल सुप्रीम कोर्ट पहुंच चुक 
236,भूकंप के कारण जान-माल काफ नुकसान सात लोग मौत काफ संख्य लोग जख़्म 
237,प्रधानमंत्र नरेंद्र मोद सोमवार दिल्ल मेट्र मेजेंट लाइन भारत पहल बि ड्राइवर के ट्रेन संचालन तकनीक उद्घाटन किय 
238,ड्राइवरलेस मेट्र के उद्घाटन कार्टून 
239,ग़ाज़ीपुर-गाज़ियाबाद बॉर्डर किसान विरोध प्रदर्शन रह किसान के कैम्पिंग टेंट लग 
241,नेपाल के पत्रकार कह ची कम्युनिस्ट पार्ट नेपाल के आंतरिक मामल दखल दे रह 
243,पिछल दिन ऐस मामल साम आए जिनम सरकार के आलोचक रह क़ैद के क्रूर बर रह 
245,भारत ऑस्ट्रेलिय के खेल रह दूसर टेस्ट मैच के चौथ दिन खेल शुर गय मैच मेलबर्न क्रिकेट ग्राउंड खेल रह 
246,आख़िर ऐस क्य कृष पंजाब उत्तर प्रदेश अधिक भागीदार वाल राज्य बिहार किसान नह क्य कृष सब बढ़िय चल रह 
247,नागौर आरएलप के इकलौ सांसद हनुमान बेनीवाल जयपुर-दिल्ल हाइव किसान के प्रदर्शन पहुंच चर्च रह किसान उनक पढ़ क्य पूर मामल 
248,आंदोलन रह किसान रविवार ताल थाल बज पीएम मोद के ‘मन बात’ कार्यक्रम विरोध किय 
249,बीजेप कांग्रेस अकाल आक्रामक केजरीवाल अवसरवादि करार दे रह आम आदम पार्ट दाव वो किसान के दिन खड़ क़ानून लोकसभ राज्य सभ पास 
250,महिल किसान कह यूनियन के उनक ना अप समुदाय धर्म जुड़ अप जमीन नुमाइंदग रह 
251,केंद्र सरकार के कृष क़ानून विरोध रह किसान छह महीन प्रदर्शन तैयार के आए लोग बात यकीन मुश्किल सक किसान आंदोलन महाराष्ट्र छह साल चल 
252,फारूक़ साहब सिर्फ़ साहित्यकार भर नह वो महफ़िल संग्रहालय यूनिवर्सिट गुज़र ज़म जीती-जाग तहज़ीब 
253,इलाहाबाद हाई कोर्ट जस्टिस पंकज नक़व विवेक अग्रवाल 18 दिसंबर युव के पत याचिक सुनव फ़ैसल सुन 
254,सरकार न्यूज़ एजेंस शिन्हुआ रिपोर्ट के अनुसार पुलिस संदिग्ध गिरफ़्तार लिय हालांक हमल के पीछ मक़सद अभ स्पष्ट नह सक 
255,पैर लग स्प्रिंग मदद वो चल सक आसा नह साल नीट परीक्ष पास एमबीबीएस पढ़ शुर वाल रिटायर्ड अधिकार 
256,साल 2020 सिर्फ लोग के ज़हन नह बल्क वैश्विक राजनीत गहर छाप छोड़ साल वैश्विक राजनीत जिसक असर लंब रह 
257,कृष कानून के ख़िलाफ़ किसान आंदोलन जार किसान आंदोलन वजह रेलव काफ़ आर्थिक नुकसान 
258,क्य किसान आंदोलन राजनीतिक रुख लेग बीबीस के सहय पत्रकार समीरात्मज मिश्र बत रह हाल 
259,भारत-चीन के एलएस जार तनाव के अरुणाचल के तवांग सेक्टर भारतीय सुरक्षाबल के जवान कड़ ठंड डट 
260,भारत नेपाल के राजदूत नीलांबर आचार्य बीबीस बत वैक्सीन ले भारत वैक्सीन निर्मा सरकार अधिकार के दिल्ल चर्च 
261,रोहतक के खरावड़ गांव के लोग 1985 सिख मदद किसान आंदोलन के पंजाब दिल्ल वाल किसान गाँव आराम के रुक 
262,अजिंक्य रहाण कप्ता भारत अच्छ शुरुआत ऑस्ट्रेलिय के मेलबर्न क्रिकेट ग्राउंड खेल रह टेस्ट मैच ऑस्ट्रेलिय टॉस जीत पहल बल्लेबाज़ फ़ैसल किय 
263,ब्रिटेन यूरोपीय संघ के पोस्ट-ब्रेग़्जिट ट्रेड डील के ब्रिटेन भारत सहित दूसर देश के फ्र ट्रेड मार्ग प्रशस्त गय 
264,भारतीय इतिहास सबस महत्वाकांक्ष पूर्वाभ्यास आंध्र प्रदेश गुजरात पंजाब असम दिन के होग सुर्ख 
265,फ़िल्म देख होंग असल ज़िंदग कित मुश्किल 
267,क्रिसमस के अगल दिन नाम बॉक्सिंग डे क्य रख गय क्य इसक मुक्केबाज़ लेना-दे 
268,सरकार कह रह नए कानून किसान आय बढ़ पढ़िय पिछल साल सरकार के उठ कदम कित असर 
269,पाकिस्तान कह भारत उसक ख़िलाफ़ कार्रव कोशिश मुंहतोड़ जवाब दिय जाएग 
271,साल 2019 प्रतिदिन 4575 लोग जान वाय प्रदूषण वजह ढाई लाख करोड़ रुपय ज़्याद नुकसान हुआआप बच के क्य रह 
272,पार्ट आरोप इमरान मदद सत् हासिल 
273,भारत प्रशासित कश्मीर एनकाउंटर मामल मेजर हत्य के दोष हाफ़िज़ सईद साढ़ 15 साल जेल सज़ प्रेस रिव्य 
275,सरकार किसान के दौर बातचीत तमाम कोशिश बेनतीज रह 
276,रूस भारत के वार्षिक सम्मेलन पिछल 20 साल लगातार रह बार सम्मेलन नह रह भारत रूस सम्मेलन के ना के पीछ कोरो महामार वजह बत 
277,चीन भारत ज़मीन खे इसस अधिक फ़सल उपज भारत दुनिय के देश औसत पैदावार उपज तस्वीर कैस बदल 
279,स्थाप दिवस के कांग्रेस तैयार भड़काऊ भाषण के अभियुक्त बीजेप चल रह मामल वापस ले अर्ज़ प्रेस रिव्य 
281,ईय अच्छ जायज़ संतुलित डील कह जबक ब्रिटेन पूर ईय के अच्छ डील क़रार दिय 
282,ब्रिटेन कोरोनावायरस के नए प्रकार के ख़ौफ़ के आवाजाह भारत रोक लग दी जिसस भारतीय प्रभावित 
283,जम्म कश्मीर अतिक्रमण हट रह कार्रवाईकाट रह हज़ार सेब के पेड़और तोड़ रह वनवास के घरप 
284,विधानसभ के विशेष सत्र बुलाय ले पेंच फँस गय क्योंक मंत्रिमंडल सिफ़ारिश राज्यपाल ख़ारिज दिय 
285,खेल के किस्स सौरभ गांगुल के जीवन जुड़ किस्स सु रह रेहान फ़ज़ल 
286,अमेरिक के भारत खे के मामल दूसर नंबर पैदावार के मामल अमेरिक नह चीन पीछ 
287,20 दिसंबर 2020 नेपाल राष्ट्रपत बिद्य देव भंडार ओल सरकार सिफ़ारिश के नेपाल संसद प्रतिनिध सभ भंग दिय अप्रैल मध्यावध चुनाव घोषण 
288,ब्रिटेन न्यूज़ चैनल के ब्रॉडकास्ट अधिकार रख वाल कंप क़रीब 20 लाख रुपय जुर्म लग गय 
289,बाब ढाब नाम शायद सु होग छोट सा फ़ूड स्टॉल चल वाल बुज़ुर्ग रो वीडिय वायरल गय 
292,इसम सुनानेवाल पहचान ज़ाहिर नह 
293,फ़ंगस इन्फ़ेक्शन पीड़ित लोग साम चुनौ बड़ 
294,पाकिस्तान चीन दोस् शुरुआ दौर रुकावट आईं दोन देश के रिश्त गर्मजोश जगज़ाहिर कैस पड़ बुनियाद 
295,भारत 23 दिसंबर दिन किसान दिवस के रूप मन भारत के पाँचव प्रधानमंत्र चौधर चरण सिंह जयं विशेष लेख 
298,बत रह दिल्ल सट सिंघ बॉर्डर सिख प्रचारक ख़ुद गोल मार ली पर्च के मिल ख़बर जिसक जाँच रह 
301,चार टेस्ट मैच सिरीज़ पहल मैच गुरुवार शुर रह वन डे सिरीज़ ऑस्ट्रेलिय के नाम रह 
302,भारत हर साल लाख लोग वाय प्रदूषण वजह अकाल मौत शिकार रह 
303,उत्तराखंड राजनीत नज़र रख वाल जानकार मान आम आदम पार्ट के आन राजनीत के समीकरण बदल सक 
304,कश्मीर रह वाल पाकिस्ता महिल अक्सर अप अधिकार के प्रदर्शन अप आवाज़ उठ के उनम राजनीत आ 
305,प्रधानमंत्र नरेंद्र मोद नई दिल्ल स्थित नेशनल वॉर मेमोरियल पहुंच 1971 युद्ध हिस्स ले वाल जवान श्रद्धांजल दी 
306,एयर इंडिय नीलाम किसान आंदोलन कार्टून 
307,मम बनर्ज हाल उनक दाहि हाथ समझ वाल टीएमस के कद्दावर शुभेंद अधिकार के आपस संबंध मुकाम पहुंच प्वॉयंट ऑफ़ नो रिटर्न कह 
308,कोरो के बदल रूप ख़बर आन के भारत समेत देश ब्रिटेन आन वाल उड़ान बैन दिय 
309,लियोनल मेस 749 मैच खेल चुक औसतन हर 116 मैच गोल दाग़ 
310,बेंगलुर मुसलमान कारोबार मंदिर के अप ज़मीन दे दी एचएमज बाश के कदम काफ़ सराह रह 
311,सन लाइब एलओस पार पाकिस्तान रह वाल गल सरहद पार वो तरफ़ आ थीं 
312,दिल्ल लग सीम बी दिन किसान विरोध प्रदर्शन रह किसान रास् पढ़ वाल फुटपाथ ज़मीन सब्ज उगा शुर दी 
314,ब्रिटेन पाए कोरो वायरस के नए वैरिएंट के मद्देनज़र भारत समेत कनाड आयरलैंड जर्म फ्रांस इटल नीदरलैंड्स बेल्जियम जैस तकरीबन 10 देश उड़ान रद्द फैसल लिय 
315,प्रदर्शनकार किसान लोग थाल बज अपील सिंघ बॉर्डर रविवार प्रेस कॉन्फ्रेंस किसान जगजीत सिंह धालीवाल बात कह 
316,केंद्रीय सड़क परिवहन राजमार्ग मंत्र नितिन गडकर घोषण अगल साल भारत टोल प्लाज़ फ़्र जाएग 
317,स्वास्थ्य मंत्र हर्षवर्धन उम्मीद जत जनवर टीकाकरण शुर सक छह टीक अभ क्लीनिकल ट्रायल चल रह 
318,क्य हरित क्रांत अप कामयाब के चक्रव्यूह फँस गय पंजाब किसान जान क्य तरीक 
319,लद्दाख साद कपड़ पह ची सैनिक के गाँव चल आन ख़बर प्रेस रिव्य 
320,प्रधानमंत्र नरेंद्र मोद रविवार सुबह दिल्ल स्थित गुरुद्वार रकाब गंज साहिब पहुंच गुर तेग बहादुर उनक सर्वोच्च बलिदान के श्रद्धांजल दी 
321,कृष कानून के विरोध किसान दिल्ल सीम डट मोद सरकार कानून वापस ले मांग नह मान रह 
322,पाकिस्तान के पूर्व क्रिकेटर शोएब अख़्तर भारतीय टीम ले वीडिय जार किय 
323,कोरो महामार ले चीन लगातार सवाल उठ रह महामार दुनियाभर अप चपेट लिय आम जीवन ले विश्व व्यापार इसक वजह प्रभावित 
324,कोरो महामार के चल 2020 सबस ख़राब साल मान रह आपक पढ़ चाह 
325,कोरो वायरस ले शुरुआत अलग-अलग बात कह रह थीं लोग महज़ नजल किस्म बत खारिज रह 
327,मस्जिद के डिज़ाइन गुबंद मीनार नह होग परिसर अस्पताल निर्माण किय जाएग 
328,साल 1971 के युद्ध के अमेरिक युद्ध विराम स्वीकार के भारत दबाव बढ़ के अप सातव बेड़ बंगाल खाड़ भेज 
329,धुंधल याद थक मन माँ बार देख इच्छ गी चल चल रह 
330,भारत कोरो संक्रमण पहल मामल साल के जनवर मही आय 
332,भारत के आज़ाद के 14 साल 1961 गोव पुतर्गाल गुलाम आज़ाद मिल 
334,1971 लड़ 49व बरस पढ़ अमरीक भारत डर कोशिश भारत क्य किय 
335,पाकिस्तान के विदेश मंत्र शाह महमूद क़ुरैश कह पाकिस्तान ख़ुफ़िय सूत्र पत चल भारत उसक ख़िलाफ़ सर्जिकल स्ट्राइक योज बन रह 
336,स्वास्थ्य मंत्रालय लिस्ट वैक्सीन जुड़ ऐस शंक समाधान कोशिश वक़्त ज़्यादातर लोग के ज़हन 
337,नीदरलैंड चल रह पुरुष हॉक चैंपियंस ट्रॉफ़ के पहल मुक़ाबल भारत पाकिस्तान हर 
338,भारत सरकार टीकाकारण योज के अगल साल जनवर अगस्त मही 30 करोड़ लोग टीकाकरण किय जाएग 
339,भारत-बांग्लादेश के ट्रेन पश्चिम बंगाल के हल्दीबाड़ बांग्लादेश के चिलहट जाएग 
340,भारत ऑस्ट्रेलिय के टेस्ट मैच चल रह ऐस सुन टेस्ट क्रिकेट के सबस धीम शतक शतक लग वाल खिलाड़ ज़ुबा 
341,भारत ईरान उज़्बेकिस्तान के पहल त्रिपक्षीय वर्किंग ग्रुप बैठक चाबहार पोर्ट के संयुक्त रूप इस्तेमाल ले बातचीत 
342,पाकिस्तान कपड़ उद्योग जुड़ निर्यातक के मुताबिक कोरो काल उन्ह विदेश काफ ऑर्डर मिल 
343,अमेरिक भारतीय मूल के प्रसिद्ध लेखक बुद्धिजीव फ़रीद ज़करिय ख़ास बातचीत बीबीस संवादद ज़ुबैर अहमद 
344,भारत सभ नई कमर्शियल गाड़ जीपीएस तकनीक आ रह 
345,‘गाल प्रोजेक्ट’ मक़सद महिल जातिगत गाल जगह दूसर गाल दे विकल्प दे 
347,पिछल पाँच साल भारत के ज़्यादातर राज्य कुपोषण बार बढ़ दिख रह हैइसक वजह जान के पढ़ ख़बर 
350,कांग्रेस के 23 अगस्त सोनिय गांध ख़त लिख बदलाव माँग पढ़ प्रेस रिव्य 
351,अमेरिक के प्रेसीडेंट इलेक्ट बाइडन शु्क्रवार व्हाइट हाउस के संचार प्रेस स्टाफ़ के 16 अतिरिक्त सदस्य घोषण 
352,ब्रिटेन के विदेश मंत्र डोमिनिक रॉब भारत दौर आए प्रधानमंत्र नरेंद्र मोद विदेश मंत्र एसजयशं मुलाकात मौक बीबीस उनस मुद्द विस्तार बात 
353,उत्तर प्रदेश के गोरखपुर सामूहिक विवाह कार्यक्रम मां बेट अपने-अप जीवनसाथ चु 
354,सिख प्रचारक राम सिंह अप सुसाइड नोट लिख वो किसान दुख बर्दाश्त नह पा रह 
355,किसान आंदोलन सुप्रीम कोर्ट टिपण्ण कार्टून 
356,चाल वित्त वर्ष के पहल चार महीन पाकिस्तान कपड़ निर्यात 45 अरब डॉलर अधिक गय 
357,उत्तर प्रदेश के संभल ज़िल किसान शांत भंग आशंक के कारण 50 लाख रुपय के बॉन्ड भर संबंध नोटिस जार किय गय 
358,जाने-म अर्थशास्त्र सामाजिक कार्यकर् ज्य द्रेज़ भूख कुपोषण के मामल भारत लगातार खराब हालत बीबीस बात 
360,बिहार पिछल मही संपन्न विधानसभ चुनाव एनडीए सत् आन बिहार मुफ़्त कोरो वैक्सीन लग वाद किय 
361,द प्रेसिडेंशियल इयर्स के अंश के मुताबिक़ दिवंगत राष्ट्रपत प्रणब मुखर्ज लिख उनक राष्ट्रपत बन के सोनिय गाँध मनमोहन सिंह सरकार बच व्यस्त 
363,16 दिसंबर 1971 पाकिस्ता भारत के साम समर्पण किय उसक तैयार मेजर जनरल जेएफ़आर जैकब बत क्य 
365,पाकिस्तान ख़ैबरपख़्तूनख़्व प्रांत अप ऐतिहासिक धरोहर के मशहूर गांधार बौद्ध विरासत के सबस अहम केंद्र 
366,चीन चांग ई-5 चंद्रम सतह क़रीब किलोग्राम पत्थर मिट्ट के नमू ले धर लौट 
367,हालांक लोग दिल्ल सीम प्रदर्शन वाल किसान के शामिल नह 
368,भारत हर साल लाख लोग वाय प्रदूषण वजह अकाल मौत शिकार रह 
369,उत्तराखंड राजनीत नज़र रख वाल जानकार मान आम आदम पार्ट के आन राजनीत के समीकरण बदल सक 
370,कश्मीर रह वाल पाकिस्ता महिल अक्सर अप अधिकार के प्रदर्शन अप आवाज़ उठ के उनम राजनीत आ 
371,प्रधानमंत्र नरेंद्र मोद नई दिल्ल स्थित नेशनल वॉर मेमोरियल पहुंच 1971 युद्ध हिस्स ले वाल जवान श्रद्धांजल दी 
372,एयर इंडिय नीलाम किसान आंदोलन कार्टून 
373,मम बनर्ज हाल उनक दाहि हाथ समझ वाल टीएमस के कद्दावर शुभेंद अधिकार के आपस संबंध मुकाम पहुंच प्वॉयंट ऑफ़ नो रिटर्न कह 
374,गुलाब गेंद वाल डे-नाइट टेस्ट मैच कप्ता विराट कोहल टेस्ट मैच के वो भारत लौट क्योंक वो पि बन वाल 
375,दिल्ल के परिवहन विभाग कार के हाई सिक्योरिट रजिस्ट्रेशन प्लेट कलर कोडेड फ़्यूल स्टि अनिवार्य दिय इसक न 10000 रुपय चालान कट सक 
376,आज़ाद के भारत के गणतंत्र दिवस बोरिस जॉनसन मुख्य अतिथ बन वाल दूसर ब्रिटिश प्रधानमंत्र होंग इसस पहल 1993 जॉन मेजर अतिथ बन गय 
377,साल 2012 निर्भय के सामूहिक बलात्कार के कानून कड़ मौत सज़ जैस प्रावधान लाए 
378,कोरो वायरस निपट के देश टीकाकरण शुर किय जाएग मामल प्रतिकूल असर होग 
379,जाने-म अर्थशास्त्र सामाजिक कार्यकर् ज्य द्रेज़ भूख कुपोषण के मामल भारत लगातार खराब हालत बीबीस बात 
381,बिहार पिछल मही संपन्न विधानसभ चुनाव एनडीए सत् आन बिहार मुफ़्त कोरो वैक्सीन लग वाद किय 
382,द प्रेसिडेंशियल इयर्स के अंश के मुताबिक़ दिवंगत राष्ट्रपत प्रणब मुखर्ज लिख उनक राष्ट्रपत बन के सोनिय गाँध मनमोहन सिंह सरकार बच व्यस्त 
384,16 दिसंबर 1971 पाकिस्ता भारत के साम समर्पण किय उसक तैयार मेजर जनरल जेएफ़आर जैकब बत क्य 
386,पाकिस्तान ख़ैबरपख़्तूनख़्व प्रांत अप ऐतिहासिक धरोहर के मशहूर गांधार बौद्ध विरासत के सबस अहम केंद्र 
387,चीन चांग ई-5 चंद्रम सतह क़रीब किलोग्राम पत्थर मिट्ट के नमू ले धर लौट 
388,हालांक लोग दिल्ल सीम प्रदर्शन वाल किसान के शामिल नह 
389,भारत के चाबहार सेंट्रल एशिय कॉकेशस रीजन दरवाज़ साबित सक ट्रेन कनेक्टिविट बड़ फायद होग 
390,पिंक के पत जेठ हिरासत रख गय हालात गर्भपात के आरोप लग काफ़ संगीन 
391,संसद के शीत सत्र के ना ख़बर कार्टून 
392,कोरो वैक्सीन टीक भारत लोग प्रक्रिय के कैस लग जाएग ले केंद्र सरकार दिशानिर्देश जार दिए 
394,ऑनर किलिंग हिरासत हत्य आत्महत्य हाथरस कांड परिवार मर्ज़ के बग़ैर बि पोस्टमॉर्टम के लाश जल मामल 
395,ग्लोबल हंगर इंडेक्स 2020 के अनुसार दुनिय के 107 देश भारत 94व नंबर सूडान के 
397,भारत के प्रमुख जनरल मनोज मुकुंद नरवण यूएई सऊद अरब के हफ़्तेभर लंब दौर रह 
398,नर्सिंग यूनियन छठ वेतन आयोग सिफारिश लाग सहित अप मांग रख 
399,भारत कोरो टीक कैस लग जाएग इसक बार सरकार दिशानिर्देश जार दिए 
400,बजरंग दल ख़तरनाक संगठन शामिल मांग जून दिल्ल के चर्च हमल के उठ अख़बार समीक्ष 
402,राजस्थान-हरियाण बॉर्डर आंदोलन सड़क डट किसान कैस रह आंदोलन पढ़ ग्राउंड रिपोर्ट 
403,15 दिसंबर भारत के पहल उपप्रधानमंत्र गृह मंत्र सरदार वल्लभ भाई पटेल पुण्यतिथ 
404,दिल्ल हाईकोर्ट के फ़ैसल एम्स प्रशासन मीटिंग के नर्सिंग यूनियन हड़ताल वापस ले फ़ैसल किय 
405,छत्तीसगढ़ दिन राज्य महिल आयोग अध्यक्ष के बयान सियास गलियार बहस शुर 
406,ऑपरेशन के परिवार उम्मीद बच्च दूसर बच्च खेल-कूद बाक़ गतिविध हिस्स ले सक 
408,मालदीव चीन के क़र्ज़ ले हमेश चिं जताय रह पिछल हफ़् कलह साफ़ तौर सोशल मीडिय दिख 
409,केंद्र जेप नड्ड के दौर सुरक्ष के ज़िम्मेदार तीन आईपीएस अधिकार डेपुटेशन दिल्ल बुल मम किय भेज इनकार 
410,गाज़ीपुर बॉर्डर कृष क़ानून के ख़िलाफ़ प्रदर्शन रह महिल किसान आंदोलनकार हाल 
411,मुंबई पुलिस रविवार रिपब्लिक टीव के सीईओ विकास खनचंदा कथित टीआरप स्कैम के संबंध गिरफ़्तार किय 
412,उनक अनजान लोग बच के हर रोज़ मौत के ख़तर साम कोरो वायरस सीध मुक़ाबल रह स्वास्थ्यकर्म 
413,खनचंदा कोर्ट पेश किय जाएग खनचंदा पहल मामल बार पूछताछ चुक 
415,मरियम नवाज़ लोग अपील वो हर हालत मीनार-ए-पाकिस्तान पहुँच इमरान ख़ान सरकार आख़िर धक्क दें 
416,भारत के प्रमुख जनरल मनोज मुकुंद नरवण मंगलवार हफ़् के संयुक्त अरब अमीरात सऊद अरब के दौर रव 
417,पहल शाहीन बाग़ उसक ताज़ किसान आंदोलन दिख लग नागरिक समाज विपक्ष ख़ाल जगह भर रह 
418,भारत पाकिस्तान अक्सर अप दुश्म के बार दोन देश आ 
419,केंद्र सरकार ओर पारित तीन नए कृष क़ानून किसान दिन विरोध रह 
420,कनाड ब्रिटेन के अमेरिक लोग किसान के समर्थन विरोध प्रदर्शन किय 
421,मोद सरकार के नए कृष क़ानून ले किसान संगठन आंदोलन तेज़ रह हरियाण पश्चिम उत्तर प्रदेश के टोल प्लाज़ किसान शुल्क नह ले दे रह 
422,जर्म 16 दिसंबर 10 जनवर लॉकडाउन होग जर्मन चांसलर कह फ़ौरन कार्रव ज़रूरत 
423,एंटोनिय गुटरेश कह अप संसाधन ख़र्च नह सक जिसस अगल पीढ़ बिखर धर बोझ पड़ 
424,झारखंड दिसंबर शाम सोमार ज़िंदग सबस ख़ौफ़नाक शाम बन 
426,किसान मज़दूर संघर्ष कमिट के पंधेर कह संघर्ष कमिट के क़रीब 700 ट्रैक्टर अमृतसर दिल्ल के चुक 
427,ईय डिसइन्फ़ोलैब अप रिपोर्ट कह काम के निष्क्रिय संगठन 750 स्थानीय फ़र्ज़ मीडिय संस्थान इस्तेमाल किय गय 
429,अधिकार कह वैक्सीन के पहल तीस लाख डोज़ जल्द सार राज्य पहुंच दिए 
430,वैश्विक स्तर चल अभियान हार्वर्ड के जानेम प्रोफ़ेसर फ़ेक मीडिय इस्तेमाल किय गय रिसर्च पत चल इसक मक़सद पाकिस्तान बदनाम भारतीय हित फ़ायद पहुँच 
431,इलाक़ मिल हड्ड के 50-60 प्रतिशत अवशेष गाय-भैंस के जबक लगभग 10 प्रतिशत हड्ड बकर 
432,पूर्व राष्ट्रपत प्रणब मुखर्ज निधन साल 31 अगस्त निधन के उनक संस्मरण आन वाल 
433,पेट्रोल कीमत कार्टून 
434,सेंट्रल काउंसिल ऑफ़ इंडियन मेडिसिन CCIM पोस्ट ग्रेजुएट आयुर्वेद स्टूडेंट औपचारिक ट्रेनिंग के 58 सर्जिकल प्रक्रिय अंजाम दे इजाज़त दे दी 
435,ऐ मेर वतन के लोग लाए तूफ़ान कश् निकाल दे दी आज़ादीजैस अमर गीत लिख वाल कव प्रदीप ख़ुद उन्ह ज़बा 
436,पूर देश न्यूनतम समर्थन मूल्य धान ख़रीद के छत्तीसगढ़ सबस अधिक भुगतान राज्य सरकार किसान प्रत एकड़ 15 क्विंटल धान ख़रीद 
437,कृष क़ानून के विरोध किसान आंदोलन जार क्य किसान क़ानून मांग कैस टूट सरकार किसान के गतिरोध 
438,मौजूद आंदोलन हफ़् ज़्याद चल चुक दिल्ल के बॉर्डर डट लाख किसान माँग अड़ मही पहल लाग नय कृष क़ानून वापस लिय जाए 
439,बीजेप अध्यक्ष जेप नड्ड कोलक के दिन के दौर प्रदेश सत्ताधार तृणमूल कांग्रेस के ख़िलाफ़ आक्रामक तेवर अपन उनक काफ़िल हमल घट सरगर्म बढ़ दी 
440,राष्ट्रपत चुनाव के नतीज ख़ारिज डोनाल्ड ट्रंप कोशिश सुप्रीम कोर्ट नकार 
441,दिल्ल बॉर्डर डट प्रदर्शनकार किसान रात क्य कैस गुज़ार ठंड कैस निपट 
442,मानवाधिकार दिवस कार्टून 
443,कृष क़ानून बट खे वाल किसान महिल क्य नुक़सान सक 
444,भारत किसान के आंदोलन मुद्द विदेश संसद उठ रह बुधवार ब्रिटिश संसद लेबर पार्ट के सिख सांसद तनमनजीत सिंह बार मुद्द उठ 
445,प्रधानमंत्र मोद भारत संसद नई इमारत शिलान्यास किय जान नए पुर संसद भवन के बार 
446,किसान नए कृष क़ानून वापस ले माँग रह संसद के ज़र क़ानून बन आंदोलनकार किसान कह क़ानून उनक हित प्रभावित होंग 
447,ब्रिटिश संसद भारत चल रह किसान आंदोलन ले प्रधानमंत्र बोरिस जॉनसन सवाल पूछ गय उनक जवाब अजीब 
448,रूस के विदेश मंत्र सर्गेइ लवरोफ़ क्वाड गुट सख़्त टिप्पण के अख़बार सुर्ख़ 
449,महाराष्ट्र के कोल्हापुर ज़िल के छोट गांव रह वाल सास बह जोड़ पिछल 15 साल अख़बार बांट रह 
450,ब्रिटेन एशिय मुस्लिम समुदाय के क्य चल पड़ रह ख़ास कैंपेन 
451,देश लगातार रह रूस प्रभाव पड़ोस देश घट रुतब के बीचचीन बढ़ रह रूस नज़दीक बदल हालात भारत-रूस संबंध क्य होग असर 
452,ख़त्म पहाड़ चल पहाड़ समंदर के पार अंततः सबक रुल 
453,साहित्यकार आनंद स्वरूप वर्म बीबीस बत मंगलेश डबराल दिल्ल के एम्स अस्पताल बुधवार देर शाम आख़िर सांस ली 
454,पाकिस्तान के कराच दुकान जिनक नाम भारत के शहर देख ख़ास रिपोर्ट 
455,बिहार के मुख्यमंत्र नीतीश कुमार एपीएमस एक्ट बिहार ख़त्म ज़िक्र दाव इसस किसान हालत सुधार 
456,नीत आयोग के सीईओ अमिताभ कांत कह भारत ज़्याद लोकतंत्र उनक बयान ले विवाद खड़ गय 
457,9 दिसंबर सोनिय गांध जन्मदिन ट्विटर सोशल मीडिय उनक काफ़ चर्च रह पढ़ विशेष लेख 
458,सवाल उठ रह बरेल हिंद अभिुयुक्त के ख़िलाफ़ नह किय गय जबक मुरादाबाद मुस्लिम अभियुक्त फ़ौरन जेल भेज दिय गय 
459,एमएसप सुनिश्चित के किसान सड़क उसस महज़ छह फ़ीसद किसान फ़ायद 
460,दिल्ल सीम डट किसान लोग ऐस शारीरिक रूप सक्षम न के बावजूद प्रदर्शन हिस्स ले रह 
461,केवल 6 फ़ीसद किसान एमसएसप दर अप उपज बेच पा पंजाब वाल 85 प्रतिशत गेहूँ-चावल हरियाण के क़रीब 75 प्रतिशत गेहूँ-चावल एमएसप ख़रीद 
462,अमित शाह किसान के मंगलवार रात बातचीत के सरकार बुधवार किसान लिखित प्रस्ताव भेज किसान ख़ारिज दिय 
463,किसान प्रेस कॉन्फ्रेंस घोषण 13 किसान गृह मंत्र अमित शाह मिल 
464,प्रधानमंत्र मोद बुर प्रभावित राज्य कह वो टेस्टिंग कॉन्टैक्ट ट्रेसिंग शीर्ष प्राथमिक दें 
465,भारत तीन मैच के टी-20 सिरीज़ पहल अप नाम लिय 
466,राज्य एमएसप सीध सरोकार नह दिल्ल किसान के विरोध प्रदर्शन राज्य के किसान क्य कह 
467,ख़बर केंद्रीय गृहमंत्र अमित शाह किसान मुलाक़ात के बुल 
468,कनाड के शहर ब्रैम्पटन पंजाब समुदाय के लोग ओर दिल्ल धर बैठ किसान के समर्थन रैल निकाल 
469,भारत के हमेश चिं रह चीन के कारोबार रिश् घाट वो जम फ़ायद उठ 
470,ब्रिटेन के 36 सांसद भारत रह किसान के प्रदर्शन ले ब्रिता विदेश मंत्र चिट्ठ लिख 
471,अर्थशास्त्र मशहूर लेखक गुरचरण सिंह नए कृष क़ानून के समर्थक उन्ह लग सरकार सुधार ठीक बेच नह पाई 
472,मोद सरकार के कृष क़ानून के ख़िलाफ़ आंदोलनाकर किसान के भारत देश के राजनीतिक दल व्यापक समर्थन मिल 
475,बुधवार किसान केंद्र सरकार के वाल बैठक स्थगित सरकार कह पहल भेज लिखित प्रस्ताव 
477,किसान आंदोलन शामिल किसान संगठन हर रोज़ रिव्य मीटिंग के आपस अप समन्वय मज़बूत 
478,किसान के समर्थन हस्त अवार्ड वापस कार्टून 
479,10 दिसंबर प्रधानमंत्र नरेंद्र मोद संसद नई इमारत शिलान्यास वाल कोर्ट याचिकाएँ दायर 
480,बीबीस ख़ास बातचीत जम्मू-कश्मीर पूर्व मुख्यमंत्र महबूब मुफ़् डीडीस चुनाव ले अनुच्छेद 370 अप बात रख 
481,आंध्र प्रदेश के इलुर शहर अचानक लोग जी मचल बेहोश बीमार पड़ ख़बर आ रह 
482,21 साल के भरत जाधव कथित ऊंच जात के आदम सिर्फ़ इसल पीट क्योंक उनक सरनेम कथित ऊंच जात वाल सरनेम जैस 
483,साल 15 जून प्रसारित अप टीव शो अमीश देवगन सूफ़ संत के बार कथित अपमानजनक बात कह थीं 
484,पश्चिम उत्तर प्रदेश के किसान दिल्ल सीम नए कृष क़ानून के ख़िलाफ़ चल रह प्रदर्शन हिस्स ले पहुंच रह 
485,केंद्र सरकार किसान के पाँच दौर बातचीत चुक हल नह आख़िर सरकार किसान मांग ले हद गंभीर 
486,देश-दुनिय ख़बर उनक सटीक विश्लेषण के बीबीस हिंद के लाइव पेज बन रह 
487,सवाल उठ रह क्य आरबीआई भारतीय बैंकिंग सेक्टर निगरा पर्याप्त रूप सक्षम नह 
488,डॉ भीमराव आंबेड इंटरव्य कह महात्म गांध सिर्फ इतिहास हिस्स युग निर्माण वाल नह 
489,देश के राज्य के किसान दिल्ल अलग-अलग सीम जुट हालांक बुराड़ सीम चंद किसान प्रदर्शन रह 
490,ऑस्ट्रेलिय 195 रन टारगेट दिय सिरीज़ भारत 2-0 आग गय जीत के सिरीज़ भारत जीत ली आखिर मुक़ाबल सिड 8 दिसंबर खेल जाएग 
491,गूगल आरोप लग रह वो भारतीय बाज़ार अप प्रभुत्व दुरुपयोग रह जानकार के मुताबिक इसस भारतीय इंटरनेट उद्योग गंभीर असर पड़ सक 
492,पंजाब बड़ संख्य किसान दिल्ल के बॉर्डर जुट इनम महिल किशोर-बच्च 
493,सिंगर एक्टर दिलजीत दोसांझ दिल्ली-हरियाण सीम किसान के पहुंच वो शनिवार सिंघ बॉर्डर किसान के प्रदर्शन शामिल 
494,दिन भारत राष्ट्रीय राजधा दिल्ल के बॉर्डर बड़ संख्य किसान नए कानून विरोध जुट 
495,संसद भवन नई बिल्डिंग भूम पूजन 10 दिसंबर वाल लोकसभ अध्यक्ष ओम बिड़ल पुष्ट प्रधानमंत्र नरेंद्र मोद इसक भूम पूजन 
496,कमल हैरिस सार्वजनिक तौर किसान आंदोलन के समर्थन नह कह उनक नाम कैस आय 
497,1955 डॉक्टर आंबेड बीबीस के महात्म गांध के अप संबंध बात आंबेड पुण्यतिथ विशेष 
498,दिल्ल के सिंघ बॉर्डर जार किसान के प्रदर्शन जगह अलग-अलग नाम दिए 
499,पाकिस्तान छप वाल उर्द अख़बार बी सप्ताह कुलभूषण जाधव मामल छाय रह पढ़ अख़बार क्या-क्य छप 
500,दिल्ल के विज्ञान भवन सरकार किसान के के शनिवार बातचीत तय दोन पक्ष के अगल दौर बातचीत 9 दिसंबर होग 
501,साल पहल तमिलनाड के किसान दिल्ल के जंतर-मंतर विरोध-प्रदर्शन के इकट्ठ 
502,हरियाण के गृह मंत्र अनिज विज को-वैक्सीन ले के कैस कोरो पॉज़ीटिव 
503,भारत आंदोलन रह किसान के समर्थन कनाड के प्रधानमंत्र जस्टिन ट्रूड बार बयान दिय प्रेस कॉन्फ्रेंस उनस भारत संबंध ले सवाल किय गय 
504,अर्थशास्त्र लेखक गुरचरण दास कृष क्षेत्र सुधार के बड़ पैरोकार मोद सरकार द्वार लाग किय तीन नए कृष क़ानून काफ़ हद सह मान 
505,मोद सरकार दिय पीछ हट के संकेत आक्रामक किसान संगठन 
506,सुप्रीम कोर्ट महिल के समूह याचिक दायर करक मुसलमान समुदाय अधिक शाद चुनौ दी पढ़ के अख़बार प्रमुख सुर्ख़ 
507,7 करोड़ ग्लोबल टीचर प्राइज़ जीत आध पुरस्कार राश बांट वाल शिक्षक 
509,पहल टी-20 मैच 44 रन पार खेल के कनकशन नियम के टीम बैठ वाल जडेज बाक़ बच टी-20 मैच 
510,भारत ऑस्ट्रेलिय टी20 मैच युज़वेंद्र चहल टीम हिस्स ना मैन ऑफ़ द मैच कैस बन जान मैच पूर रोमांच वीडिय 
511,प्रधानमंत्र नरेंद्र मोद मन बात महाराष्ट्र के किसान बात पढ़ किसान मन बात जान नए कृष क़ानून क्य उनक राय उनक इसस सिर्फ़ फ़ायद नुक़सान 
512,भारत ऑस्ट्रेलिय के साम जीत के 162 रन लक्ष्य रख ऑस्ट्रेलिय टीम सिर्फ़ 150 रन बन सक 
513,किसान बी दस दिन दिल्ल सीम तीन नए कृष क़ानून के ख़िलाफ़ लाख संख्य डट उनक घर महिल दिल्ल कूच तैयार 
514,रोहतक ज़िल मुख्यालय भिवा रोड आठ किलोमीटर मुख्यमंत्र मनोहर लाल खट्टर के गांव अप समस्य किसान के मुद्द ख़ामोश नह 
515,पाकिस्ता ख़ुफ़िय एजेंस आईएसआई के पूर्व प्रमुख लेफ्टिनेंट जनरल रिटायर्ड असद दुर्रा कह पाकिस्तान भारत ख़तर नह 
516,कैस कराच वो हमल जिसक याद नौसे दिवस मन नेव डे विशेष 
517,गोव बी प्रदर्शन रह स्थानीय लोग डर प्राकृतिक सुंदर के मशहूर गोव कोयल के ढेर बदल सक 
518,कश्मीर पुरा परंपर बच के आग आई नई पीढ़ 
519,औरत चुपचाप सब नह देख वो बदलाव हिस्स बन वो कभ शांत प्रदर्शनकार कभ सरकार लोह ले पुलिस लाठ मुक़ाबल 
520,रणजीत सिंह डिसल पुरस्कार जीत घोषण दी वो इसक आध राश बाक़ शिक्षक के बांट 
521,फ़िल्म सिट उत्तर प्रदेश आ जाएग क्य होग क्य हीरो-हिरोइन यूप आएंग 
522,रजनीकांत साल 2017 अप राजनीतिक पार्ट बन बात रह अप पार्ट बन घोषण दी 
523,नए कृष क़ानून आरएसएस जुड़ संगठन सुधार चाह भारतीय किसान संघ स्वदेश जागरण मंच मान नए कृष क़ानून जिन्ह दुरुस्त किय चाह 
524,कभ दिल्ल गल तांग चल वाल महाशय धर्मपाल गुलाट एमडीएच कंप 1500 करोड़ रूपए साम्राज्य खड़ किय 
525,कोरो वैक्सीन इस्तेमाल मंज़ूर देनेवाल दुनिय पहल देश बन ब्रिटेनफ़ाइज़र बायोनटेक वैक्सीन अगल हफ़् ब्रिटेन लोग लग जाएग 
526,पाकिस्तान तमिल समुदाय बंटवार के वक़्त तमिलनाड कराच बस गय 
527,अरब ज़्याद आबाद वाल देश हर वैक्सीन मिल पाएग नह सवाल टीकाकरण अभियान आन वाल चुनौत ले चिं जत रह 
528,कृष क़ानून ले किसान के विरोध कार्टून 
529,कोरो महामार के ब्रेस्ट कैंसर इलाज प्रभावित लाख लोग ज़रूर स्क्रीनिंग छोड़ 
530,ब्रिता किल महफ़ूज़ टीप सुल्तान याद 
531,साल 2008 मुंबई भयावह हमल मुकदम पाकिस्तान 12 साल चल रह जान क्य केस हालत 
535,भारत इस्लामिक देश के संगठन ऑर्गेनाइजेशन ऑफ़ इस्लामिक कोऑपरेशन ओआईस के सदस्य देश के विदेश मंत्र बैठक पास प्रस्ताव ख़ारिज दिय 
538,शीतल आमट पहल सोशल मीडिय सेव समित के प्रबंधन सवाल उठ जिसक आमट परिवार बयान जार किय 
541,वैक्सीन बन दे बात भारत उसक बड़ पावरहाउस भारत के साम चुनौत 
543,डोभाल के दौर श्रीलंक मालदीव के शनिवार मैरीटाइम सुरक्ष ले सहमत बन अख़बार समीक्ष 
545,कृष मंत्रालय के सचिव संजय अग्रवाल पत्र जार किसान यूनियन के भारत सरकार के मंत्र उच्चस्तरीय समित बातचीत के नई दिल्ल स्थित विज्ञान भवन बुल 
546,गुर परब के अवसर नज़र गुर नानक के जीवन अहम बात नानक 11 साल उम्र विद्रोह बन 
547,केंद्र के नए कृष क़ानून के ख़िलाफ़ किसान के जार प्रदर्शन के केंद्रीय गृह मंत्र अमित शाह रविवार कह क़ानून किसान के कल्याण के किसान के प्रदर्शन गैर राजनीतिक बत 
548,390 रन के लक्ष्य पीछ उतर भारतीय टीम तरफ कोहल राहुल अर्धशतकीय पार खेल टीम हार बच नह सक 
549,पाकिस्तान के संयुक्त अरब अमीरात सऊद अरब दोन बेहद मज़बूत रिश् मज़बूत हालिय महीन तालमेल गड़बड़ दिख 
550,मोद कह नए कृष क़ानून के ज़र किसान नए अधिकार मिल अधिकार किसान समस्य शुर दिय 
554,कोरो वैक्सीन तैयार सभ पहुंच सरकार के बड़ चुनौ बन सक 
555,जनरल नरवण कह पाकिस्तान सर्द के मौसम नियंत्रण रेख के पास आतंक भेज बेतहाश कोशिश रह के अख़बार सुर्ख 
556,नाइजीरिय के राष्ट्रपत हमल ‘पागलपन’ करार दिय मीडिय रिपोर्ट्स के अनुसार हमलावर धान के खेत काम रह खेतिहर मज़दूर बांध उनक गल काट दिय 
559,दिल्ल के सिंघ बॉर्डर किसान के प्रदर्शन आठ विपक्ष पार्ट किसान संगठन समर्थन मिल बड़ संख्य यूनिवर्सिट छात्र पहुँच 
566,किसान के विरोध प्रदर्शन ले कोरो महामार के हाल देश-दुनिय सभ ज़रूर ख़बर ताज़ अपडेट आपक मिल बीबीस हिंद लाइव पन् 24 घंट उपलब्ध 
568,पंजाब हरियाण पश्चिम उत्तर प्रदेश के किसान नए कृष क़ानून सबस अधिक विरोध रह लाख संख्य दिल्ल आ केंद्र मोद सरकार किसान के प्रतिनिध तीन दिसंबर बातचीत के बुल 
569,जम्म कश्मीर ज़िल विकास परिषद डीडीस के चुनाव पहल चरण के शनिवार वोट डाल 
570,इसस पहल तिमाह गिरावट 249 फीसद उसक मुक़ाबल हालत अच्छ चिंताजनक चिंताजनक उम्मीद भर 
571,ची वैज्ञानिक दाव कोरो वायरस जानवर गंद पा के ज़र इंसान पहुँच के अख़बार सुर्ख 
573,पीएम नरेंद्र मोद वैक्सीन बन रह देश तीन कंपन दौर वैक्सीन बन के काम रह प्रगत जायज लेंग 
574,ऑस्ट्रेलिय के हाथ भारत मिल करार हार अधिक चर्च बात ले क्य भारत के कप्तान विराट कोहल उप-कप्तान रोहित शर्म के आपस संबंध तनात 
576,नए अमेरिक प्रशासन चीन नीत के अंदाज़ होग उसक भारत कित महत्वपूर्ण होग 
577,पिछल तिमाह जीडीप लगभग 24 फ़ीसद भार गिरावट दर्ज 
579,ऑस्ट्रेलिय 50 ओवर छह विकेट के नुक़सान 374 रन विशाल स्कोर खड़ किय 
580,आरबीआई के आंतरिक कार्य समूह औद्योगिक घरान बैंक लाइसेंस दे सिफ़ारिश 
581,विराट कोहल रोहित शर्म के ऑस्ट्रेलिय मौजूद ना बयान दिय 
582,बॉम्ब हाई कोर्ट कह कार्रव दुर्भाव प्रेरित अभिनेत्र नुक़सान पहुँच के 
583,प्रधानमंत्र नरेंद्र मोद चाह लोकसभ राज्य विधानसभ के चुनाव आख़िर ऐस क्य 
584,भारत-चीन सीम नह बन बात स्टेन स्वाम कह माओवाद नह के अख़बार सुर्ख 
585,टीम इंडिय नौ मही अंतरराष्ट्रीय मैच खेल रह सिड भारत ऑस्ट्रेलिय वन डे मैच खेल 
586,केंद्र सरकार के तीन कृष क़ानून के विरोध किसान संगठन गुरुवार ‘दिल्ल चलो’ मार्च आह्वान किय 
588,भारत के विदेश सचिव के लौट के ठीक दिन चीन के रक्ष मंत्र नेपाल पहुंच 
589,नए कृष क़ानून के विरोध किसान पंजाब दिल्ल कूच रह कृष मंत्र क्य प्रतिक्रिय दी 
590,उत्तर प्रदेश योग आदित्यनाथ सरकार अंतर-धार्मिक विवाह के ख़िलाफ़ अध्यादेश मंज़ूर दे दी 
591,संविधान दिवस कार्टून 
592,2012 के दिल्ल गैंग रेप निर्भय मामल के बलात्कार ले सख़्त क़ानून बन कड़ सज़ प्रावधान किय गय क्य इसक असर रह 
593,महिल आज़ाद पार्टनर चुन ले दिल्ल हाई कोर्ट कह महत्वपूर्ण बात के अख़बार सुर्ख 
594,बीबीस हिंद के लाइव पन् आपक मिल दिनभर सभ बड़ खबर हर अपडेट के बन रह हमार 
598,भारत 12 हज़ार किलोमीटर न्यूज़ीलैंड संसद भारतीय मूल के गौरव शर्म संस्कृत शपथ ली 
599,जह चाह राह वाल कहावत सु होग भोपाल किशोर चरितार्थ दिख 
600,आसियान देश के मुक्त व्यापार समझौ आरसीईप रीजनल कॉम्प्रिहेंसिव इकोनॉमिक पार्टनरशिप विश्व सबस बड़ व्यापार समझौ कह रह 
601,मौसम विभाग कह अगल तीन घंट हव रफ़्तार 100-110 किलोमीटर प्रत घंट घट 65-75 किलोमीटर प्रंत घंट जाएग इसक बावजूद ख़तर अभ टल नह 
604,अहमद पटेल के बार कह सोनिय गांध मान थीं वो एकमात्र अमित शाह पूर बीजेप बराबर सक्षम 
606,देश दुनिय बन रह कोरो के अलग-अलग वैक्सीन ले हर रोज़ नए दाव साम आ रह इनम भारत के सी वैक्सीन सबस सह क्य भारत सरकार क़रार किय जान रिपोर्ट 
608,भारत व्यापार समझौ शामिल न फ़ैसल किय समझौ जापान दक्षिण कोरिय चीन ले आय जिनक पुर वक़्त तनाव रह 
612,उदारवाद छव वाल देश के बड़ इस्लामिक स्कॉलर कल्ब सादिक़ लंब बीमार चल रह मही 17 तारीख़ उन्ह लखनऊ के अस्पताल भर् गय जह उन्ह वेंटीलेटर सपोर्ट रख गय 
613,कोरो महामार के तेजस रद्द के फ़ैसल भारतीय रेल के निजीकरण के सप जोड़ देख रह 
614,पिछल दिन अचानक कोरो संक्रमण के मामल इज़ाफ़ देख रह 
616,देश के पूर्व उप-राष्ट्रपत हामिद अंसार के बयान दक्षिणपंथ रुझान रख वाल थोड़ नाराज़ग 
618,कांग्रेस के वरिष्ठ गुलाम नब आज़ाद अप पार्ट के प्रदर्शन टिप्पण 
619,सीम सुरक्ष बल जम्म कश्मीर पुलिस के संयुक्त अभियान खोज गय 
620,वरिष्ठ कांग्रेस कांग्रेस लीडर ग़ुलाम नब आज़ाद बिहार चुनाव पार्ट के ख़राब प्रदर्शन कह चुनाव फ़ाइव स्टार कल्चर नह जी 
622,पुलिस के डीजीप बत इसक इस्तेमाल भारत चरमपंथ भेज के किय गय नागरोट गुरुवार मार 
623,अमेरिक रह वाल भारतीय छठ पूज पर्व मन न्य जर्स मनालापन लेक के किनार चार दिन चल वाल छठ पर्व मन गय 
624,तमिलनाड हथि कुंए गिर जल्द बच के लोग पहुंच 
625,अर्नब पहल ऐस व्यक्त नह कवरेज ऐस स्टाइल अपन पहल ज़्याद शोर भर आक्रामक ज़रूर बन दिय 
626,इसक वजह नेटफ़्लिक्स के शो अ सूटेबल बॉय के दृश्य आपत्त जत रह 
627,बिहार विधानसभ के चुनाव पांच सीट जीत के कह रह एआईएमआईएम मुसलमान राष्ट्रीय स्तर पार्ट बन उभर 
630,पाकिस्तान छप वाल उर्द अख़बार हफ़् चीन-पाकिस्तान आर्थिक कॉरिडोर क़ुरैश के बयान इमरान ख़ान के अफ़ग़ानिस्तान दौर विपक्ष महागठबंधन जुड़ ख़बर मिल सबस ज़्याद सुर्ख़ 
631,देश के पूर्व उप-राष्ट्रपत हामिद अंसार के बयान दक्षिणपंथ रुझान रख वाल थोड़ नाराज़ग 
633,छठ पूज पर्व शनिवार सुबह उग सूर्य अर्घ्य दे संपन्न पूज के आखिर दिन घाट श्रद्धाल भीड़ जुट 
634,कमल सिंह बैल डांस सीख ले जुनून सीख के उनक पास पैस नह 
639,छठ पर्व केवल बिहार पूर्व उत्तर प्रदेश सीमित नह रह गय शनिवार सुबह उग सूर्य अर्घ्य दे संपन्न छठ 
640,पाकिस्तान अफ़ग़ानिस्तान के अनबन जित पुरा उत पुरा भारत अफ़ग़ानिस्तान दोस् 
641,बिहार चुनाव पहल बिक 280 करोड़ के इलेक्टोरल बॉन्ड लव जेहाद अध्यादेश लाएग योग सरकार के अख़बार अहम सुर्ख 
642,केंद्रीय स्वास्थ्य मंत्र डॉक्टर हर्षवर्धन उम्मीद जत 2021 के शुरुआ 2-3 महीन वैक्सीन मिल शुर जाय 
644,यूएई पाकिस्तान समेत 12 देश के यात्र वीज़ दे अस्थ रोक लग दी जिसक ऐस अनुमान लग रह दोन देश के सब ठीक नह 
645,वॉ भारत दर्ज बाघ द्वार सबस लंब पैदल-यात्र पूर ली बाघ महाराष्ट्र के ज्ञानगंग अभयारण्य अप घर बन लिय 
646,सलमान राव मई 2020 किय उनक फ़ेसबुक लाइव के सम्मानित किय गय 
647,भारत अप के पहल अध्ययन मिल सकारात्मक संकेत पढ़ क्य ख़ास छप के अख़बार 
648,राष्ट्रीय बाल अधिकार संरक्षण आयोग के सहयोग देश पहल जुवेनाइस पुलिस डिवीज़न त्रिच खोल गय 
649,पाकिस्तान प्रशासित कश्मीर रह वाल लोग ग़ल एलओस पार उनक घरवाल बरस उनक वापस आस लग बैठ 
650,टेस्क सेंसबर मार्क्स एंड स्पेंसर रॉल्फ़ लॉरेन जैस ब्रांड कपड़ सप्ल वाल फ़ैक्ट्र के कर्मचार लग शोषण के आरोप 
651,पश्चिम हिंद महासागर ‘एक्सरसाइज़ मालाबार 2020’ दूसर चरण जार 
652,पाकिस्तान अदालत प्रतिबंधित संगठन जमात-उद-दाव के मुखिय हाफ़िज़ सईद साढ़ 10 साल क़ैद सज़ सुन 
654,म्यांमार NLD नेशनल लीग फॉर डेमोक्रेस सबस बड़ पार्ट बन उभर 
655,एनपीआर राष्ट्रीय नागरिक रजिस्टर एनआरस पूर दिश पहल क़दम मा गय के अख़बार सुर्ख 
656,व्हाइट हाउस नए राष्ट्रपत मौजूदग अमेरिक भारत के रिश्त कैस प्रभावित 
660,भारतीय मंगलवार ऑनलाइन मीडिय रिपोर्ट्स खारिज किय जिनम दाव किय गय चीन पीपल्स लिबरेशन आर्म लद्दाख माइक्रोवेव हथियार इस्तेमाल किय 
661,संयुक्त राष्ट्र भारत कड़ टिप्पण भारत कह संयुक्त राष्ट्र सुरक्ष परिषद ख़राब चुक अंग बन गय 
662,बाघ महाराष्ट्र तेलंग के सात ज़िल 3000 किम यात्र फ़िलहाल मिल गय नय ठिक 
663,कारण मोद सरकार पिछल साल नवंबर द रीजनल कॉम्प्रीहेंसिव इकोनॉमिक पार्टनरशिप आरसीईप वार् एलान किय - वो फ़ैसल सह नह 
664,ईपीएफ़ओ पंजीकृत कंपन संख्य भार गिरावट पढ़ क्य ख़ास छप के अख़बार 
665,डोनाल्ड ट्रंप के दौर अमरीक चीन के रिश् तनावपूर्ण 
666,बेल्जियम के रेसर कबूतर रिकॉर्ड 19 लाख डॉलर बेच गय साल माद कबूतर नाम न्य किम 
667,लक्ष्म विलास बैंक लिमिटेड आर्थिक स्थित लगातार गिरावट बी तीन साल ज़्याद बैंक लगातार घाट रह इसस इसक नेटवर्थ घट 
668,ए प्रोमिस्ड लैंड नाम किताब ओबाम के राजनीतिक जीवन आधारित संस्मरण पहल अंक जिसम करीब 14 सौ शब्द नवंबर 2010 अप पहल भारत यात्र ख़र्च 
669,टिकट बंटवार के लिहाज देख सत् पक्ष के चार घटक दल जेडीय छोड़ पार्ट मुस्लिम उम्मीदवार टिकट नह दिय 
670,चीन के राष्ट्रपत शी जिनपिंग हाल अप अधिकार कह सिचुआन-तिब्बत रेलव प्रोजेक्ट जल्द जल्द पूर 
671,क्य चीन के नेतृत्व वाल आरसीईप समझौ क्षेत्र चीन असर बढ़ भारत पिछल साल दुनिय सबस बड़ ट्रेड डील हाथ खींच लिय 
672,डूब सर्कस उद्योग ऑनलाइन प्लैटफ़ॉर्म्स सहार 
673,ट्रंप मोद मौक़ एक-दूसर अप दोस्त बत चुक 
674,पढ़ क्य ख़ास छप दिल्ल प्रकाशित वाल के अख़बार 
675,ग्वालियर के लोग कह मनीष मिश्र सड़क भीख मांग अप गुज़र बसर रह 
676,प्रधानमंत्र मोद बार जैसलमेर के जवान के दिवाल मन जिसक सोशल मीडिय ख़ूब चर्च रह 
677,चीन समेत एशिया-प्रशांत महासागर क्षेत्र के 15 देश रविवार दुनिय सबस बड़ व्यापार संध वियतनाम के हनोई हस्ताक्षर किय 
678,बिहार तारकिशोर प्रसाद बीजेप विधायक दल चु के चर्च सुशील मोद जगह वो नीतीश कुमार के उपकप्तान रह 
679,पढ़ दिल्ल प्रकाशित वाल अख़बार किन ख़बर दी प्राथमिक 
680,दिन पहल पाकिस्तान के विदेश मंत्र के प्रवक् प्रेस कॉन्फ़्रेंस भारत गंभीर आरोप लगाय भारतीय विदेश मंत्रालय जवाब दिय 
681,चीन समेत एशिया-प्रशांत महासागर क्षेत्र के 15 देश रविवार दुनिय सबस बड़ व्यापार संध हस्ताक्षर किय 
682,नाज़िय नसीम भारतीय टेलीविजन के चर्चित शो बन करोड़पत केबीस के ताज़ सीजन करोड़ रुपय जी इसक वो सीज़न पहल करोड़पत बन 
683,हाल भारत ऑनलाइन न्यूज़ ओटीट प्लेटफॉर्म्स सेंसरशिप लाग फैसल लिय 
684,उनक कदम उनक रिश्तेदार दोस्त मां क्य कह 
687,परिदृश्य बदल रह कवि के गायन के आयाम उभर रह हिन्द छंद-विहीन कवि गायन के नए प्रयोग रह 
688,भारत के विदेश मंत्रालय पाकिस्ता राजदूत बुल पाकिस्ता बल द्वार निर्दोष नागरिक जानबूझ निश बन कड़ शब्द निंद 
690,अमेरिक के नव निर्वाचित राष्ट्रपत बाइडन बार कह उनक पूर्वज कभ ईस्ट इंडिय कपं कप्तान 
691,ऑयल इंडिय कह असम के बाघजान गैस कुंए लग आग पांच मही काब पा लिय गय 
692,राजने कैस मन रोश पर्व 
693,म्यांमार छोड़ के लाख रोहिंग्य जह शरण ली बार वो ख़ुद ख़तर महसूस रह 
694,हर साल तमिलनाड के शिवकाश ज़िल बड़ तादाद पटाख बन साल कोरो महामार वजह छह मही उत्पादन नह पाय 
695,भारत हाल फ़िल्म बन जिसम सस् उड़ान सेव ला वाल कैप्टन जीआर गोपीनाथ के संघर्ष याद किय गय 
700,भारत के सूरत बंदरगाह ईस्ट इंडिय कंप के जहाज़ हेक्टर लंगर डाल गय अनुमान नह लग होग कंप अप देश बीस गु बड़ दुनिय के सबस धन देश उसक लगभग चौथ आबाद सीध तौर शासन वाल 
701,चीन दी बाइडन बध डब्ल्यूएचओ भारत खोल परंपरागत दव वैश्विक केंद्र के अख़बार अहम ख़बर 
702,बाइडन तीन नवंबर अमेरिक राष्ट्रपत चुनाव विजय रह कमल हैरिस उप-राष्ट्रपत चु गय 
703,क्य दिल्ल क्य अयोध्य क्य लंदन क्य कनाड दिवाल के पहल देश-दुनिय के अलग-अलग हिस्स बढ़ ख़ूबसूरत तस्वीर आ रह 
704,इंडिय लव प्रोजेक्ट इंस्टाग्राम सामाजिक बेड़ तोड़ प्यार वाल कहान आवाज़ दे रह 
705,श्रीनगर भारतीय चिनार कॉर्प्स के बयान के अनुसार पाकिस्तान हमल के मोर्टार हथियार इस्तेमाल किय जानबूझ आम नागरिक ठिकान निश बन 
706,स्टैंड अप कॉमेडियन कुणाल कामर कह वो सुप्रीम कोर्ट कथित अवमान वाल ट्वीट्स न माफ़ माँग न अप शब्द वापस लेंग 
707,केंद्र सरकार इंटरनेट फ़िल्म समाचार ऑडियो-विज़ुअल सामग्र दे वाल डिजिटल प्लेटफ़ॉर्म्स सूच प्रसारण मंत्रालय के अंतर्गत ला आदेश जार किय क्य इसक माय 
708,बिहार चुनाव के नतीज घोषण के नीतीश कुमार तेजस्व यादव ख़ामोश अख़्तियार ली दोन नतीज के दिन मीडिय के साम आए 
709,चीन के राष्ट्रपत शी जिनपिंग सिचुआन प्रांत तिब्बत के लिंझ जोड़ वाल रेलव प्रोजेक्ट जल्द पूर निर्देश दिय इसक हिस्स अरूणाचल प्रदेश सीम के काफ़ क़रीब 
710,रिज़र्व बैंक कह इतिहास पहल बार भारत टेक्निकल रिसेशन आ गय वित्तमंत्र आत्मनिर्भर भारत तीसर किस्त एलान किय 
711,दिन भर सभ ज़रूर ख़बर बड़ अपडेट आपक मिल बीबीस लाइव पेज 24 घंट उपलब्ध 
712,पढ़ दिल्ल प्रकाशित वाल प्रमुख अख़बार सुर्ख 
713,दिल्ल समेत उत्तर भारत के इलाक प्रदूषण हव घुल ज़हर क्य सिर्फ़ फ़सल पराल ज़िम्मेदार यासरकार इंतज़ाम नाकाफ़ 
714,धर्मांतरण विरोध क़ानून हरियाण सरकार हिमाचल प्रदेश लाग क़ानून जानकार मांग रह 
715,वित्त मंत्र निर्मल सीतारमण आत्मनिर्भर भारत पैकेज तीसर क़िस्त घोषण 
717,ते साल नवंबर खोल करतारपुर कॉरिडोर उम्मीद जग आसपास रहनेवाल लोग अप ज़िंदग संभावित बदलाव ले उत्साह भर थेलेकिन क्य ऐस संभव पाय आ 
718,पढ़ दिल्ल छप वाल अख़बार किन-किन ख़बर दी प्रमुख 
719,भारत के सबस कठोर शासक मा वाल औरंगज़ेब दिल लड़क आ गय क्य 
720,राजनीतिक विश्लेषक कह तमाम मुद्द के बावजूद जन के मन बात भाँप मुश्किल ज़मी हक़ीक़त टीव डिबेट सोशल मीडिय अलग सक 
721,बिहार के साथ-साथ राज्य उपचुनाव भारतीय जन पार्ट अच्छ प्रदर्शन किय 11 राज्य 58 विधानसभ सीट चुनाव के नतीज आ 
722,243 सदस्य विधानसभ 75 सीट के राष्ट्रीय जन दल सबस बड़ पार्ट बन उभर आरजेड के 74 सीट के भाजप दूसर सबस बड़ पार्ट 
723,बिहार एनडीए जीत कार्टून 
724,सुप्रीम कोर्ट बार एसोसिएशन के अध्यक्ष जत आपत्त कह नागरिक नह लग चाह वो दूसर दर्ज अदालत सवाल उठ सब नह सहमत 
725,अर्नब गोस्वाम बी बुधवार 4 नवंबर मुंबई उन्ह उनक घर गिरफ़्तार किय गय 
726,बिहार एनडीए पूर्ण बहुमत मिल गय सरकार बन के हलचल नह दिख रह क्य नीतीश कुमार पांच विकल्प विचार रह 
728,बिहार विधानसभ चुनाव बीजेप जेडीय अधिक सीट हासिल हिंद भाष राज्य उत्तर प्रदेश के बीजेप के बड़ चुनौ रह बिहार कामयाब कैस देख जाएग 
729,बीजेप शामिल के ज्योतिरादित्य पहल चुनाव उनक पार्ट शामिल लोग साख 
730,बिहार विधानसभ चुनाव के नतीज आ चुक 243 विधानसभ सीट वाल राज्य बार एनडीए सरकार बन जनादेश मिल 
731,नीतीश कुमार बिहार राजनीत के ऐस खिलाड़ सत् के खेल जम रह जान 
732,दिन भर सभ ज़रूर ख़बर बड़ अपडेट आपक मिल बीबीस लाइव पेज 24 घंट उपलब्ध 
733,चिराग पासवान के साम बड़ चुनौ तेज़ बदल ज़मी परिस्थित ध्यान रख अप पि छोड़ राजनीतिक पूँज आग बढ़ 
743,भारतीय विदेश मंत्रालय करतारपुर साहिब गुरुद्वार प्रबंधन ग़ैर-सिख समित दिए ऐतराज़ जत 
744,अर्नब गोस्वाम गिरफ़्तार पीएम मोद ले मंत्र ट्वीट किय गिरफ़्तार आलोच 
747,दिन भर सभ ज़रूर ख़बर बड़ अपडेट आपक मिल बीबीस लाइव पेज 24 घंट उपलब्ध 
748,बाइडन रुख़ मामल ट्रंप अलग क्य इसक असर भारत के रिश्त पड़ 
749,बीएस चंद्रशेखर वो फिरक गेंदबाज जिनक साम रिचर्ड्स जैस दिग्गज बल्लेबाज़ के पांव डगमग 
750,कमल हैरिस मां गांव भारत के दक्षिण राज्य तमिलनाड के लोग कमल जीत काफ खुश 
751,दोन देश हाल के दिन सीम अप स्थित मजबूत बन रख के कदम उठ 
752,पाकिस्तान छप वाल उर्द के अख़बार क्य चर्च पढ़ उर्द अख़बार सप्ताह क्य रह चर्च 
753,अमेरिक के राष्ट्रपत उप-राष्ट्रपत चु बाइडन कमल हैरिस देश के बध दे रह 
754,24व बहुराष्ट्रीय समुद्रीय अभ्यास मालाबार पहल चरण संपन्न गय 
755,फ़िल्म मज़दूर मट्ट उसक साइकिल ज़िंदग नाम के परमानेंट लॉकडाउन फँस उसक नीच जात ग़रीब बीमार रह 
756,जरनैल सिंह भिंडरावाल स्वर्ण मंदिर निकाल योज ब्रिटिश अफ़सर सलाह ली 
757,जयपुर जन्म प्रतीक कुहाड़ कंसल्टेंट बनते-बन गायक बन 
758,बिहार के लोग क्य विधानसभ चुनाव वोट दे घर नह पाए क्य ‘जन के जन के द्वार जन के’ जनतंत्र उनक वोट न दे पा मजबूर के जगह 
759,फ़िल्म मट्ट साइकिल ऐस मज़दूर जिसक पूर वजूद रोज़ रोट टूट फूट साइकिल टिक 
760,हैदराबाद ऐस छुप रूस्तम टीम आराम देख देख चैंपियन बन दावेदार मुंबई दिल्ल बैंगलोर मात दे दी 
761,जनरल बिपिन रावत कह चीन पाकिस्तान गठजोड़ लगातार बढ़ रह भारत दोन मुल्क युद्ध चुक 
762,भारतीय खुफ़िय एजेंस के प्रमुख प्रमुख के नेपाल दौर के क्य दोन देश राजनीतिक संवाद राह लौट माहौल बन रह 
763,बिहार तीसर अंतिम चरण मतदान शनिवार होग पिछल सव मही बिहार जार चुनाव प्रचार जुड़ ख़ास बात 
764,ओडिश के मयूरभंज गाय के झुंड विशालकाय हाथ दौड़ दिय 
767,अमेरिक राष्ट्रपत चुनाव के परिणाम आन इत देर भल क्य लग रह 
768,रक्ष सौद के अनुसार साल फ्रांस हैमर मिसाइल भारत दे भारत ज़रूरत देख फ्रांसीस वायुसे अप ज़खीर मिसाइल भारत दे फ़ैसल किय 
769,रिपब्लिक टीव के एडिटर-इन-चीफ़ अनर्ब गोस्वाम अंतरिम राहत नह मिल बॉम्ब हाईकोर्ट शुक्रवार सुनव फ़ैसल किय 
770,लखनऊ के नार निकेतन महिल क़ैद जेल के करवाचौथ त्योहार मन 
771,विदेश मंत्रालय बैठ अधिकार विदेश नीत बन वाल विशेषज्ञ के अमेरिक के अगल राष्ट्रपत ले ज़्याद चिं उत्साह नह 
774,दिन भर सभ ज़रूर ख़बर बड़ अपडेट आपक मिल बीबीस लाइव पेज 24 घंट उपलब्ध 
776,प्रसार भार ची विदेश मंत्रालय पूछ भारत जम्मू-कश्मीर विशेष दर्ज ख़त्म किय चीन कड़ आपत्त जत पाकिस्तान के मामल चुप क्य 
777,कोरो महामार विमानन सेक्टर बुर प्रभावित किय उड़ान शुर स्थित सामान्य अभ लंब वक़्त लग 
778,सप्ताह भारत राष्ट्रीय जाँच एजेंस ग्रेटर कश्मीर के दफ़्तर एएफ़प के पत्रकार परवेज़ बुख़ार के घर छापेमार 
779,अमेरिक राष्ट्रपत डोनाल्ड ट्रंप बन बाइडन उनक साम भारत समेत पूर दक्षिण एशिय के मुद्द होंग 
781,फ़ूड स्टॉल चल वाल कां प्रसाद डोनेशन के पैस ले लग हेराफेर आरोप यूट्यूबर किय धोखाधड़ इनकार 
782,नमाज़ पढ़ वाल कह ऐस सद्भाव बढ़ के पुजार सहमत किय जबक लोग धार्मिक भाव आहत मामल मान रह 
783,भारत बड़ आबाद साफ़ पा नसीब नह बड़ तादात लोग बास सेहत ख़राब वाल खा खा दूषित हव सांस ले ऐस जगह रह जह बेहद घन आबाद 
784,भारत सरकार पाकिस्तान के प्रधानमंत्र इमरान ख़ान के गिलगित-बल्तिस्तान प्रांत अस्थाय दर्ज दे के फ़ैसल कड़ विरोध किय 
785,फ़्रांस इस्लाम ले चल रह ताज़ विवाद भारतीय विदेश मंत्रालय फ़्रांस के राष्ट्रपत खुल समर्थन किय 
786,मायाव कह समाजवाद पार्ट हर के ज़रूरत पड़ उनक पार्ट बीजेप समर्थन सक 
787,टेस्ट वन डे मैच सबस ज़्याद विकेट ले वाल श्रीलंक के पूर्व स्पिनर मुथैय मुरलीधरन बन फ़िल्म विरोध रह क्य कह इसपर मुरलीधरन 
789,पाकिस्तान के प्रधानमंत्र इमरान खान गिलगित-बाल्टिस्तान अंतरिम प्रांत दर्ज दे ऐलान किय 
790,फ़िल्म इंडस्ट्र काम शुर चुक रोज़ खा वाल जूनियर आर्टिस्ट्स हालत ख़राब 
791,क़रीब तीन दशक सिवान भाकप माल राष्ट्रीय जन दल के राजनीतिक दुश्म चरम रह दोन चुनाव लड़ रह 
792,बिहार राजधा पट के गर्दनीबाग यारपुर इलाक रह वाल दलित महादलित परिवार विकास कोस 
793,अप घर चमक रख उसक अलाव मतलब ना रख नए समाज कड़व सच्च बन गय 
794,फ़रीदाबाद निकि तोमर के घर लोग ताँ लग रिश्तेदार कह उनक बेट मर धर्म नह बदल 
795,क्य बाइडन रुख वाक़ई चीन ले नरम वो राष्ट्रपत बन क्य ट्रंप चीन के कारोबार अधिक टैक्स लग सक 
796,उपभोक् मामल के मंत्रालय के जार आँकड़ के अनुसार प्याज़ के औसत थोक दाम 108 फ़ीसद बढ़त दर्ज के अख़बार बड़ सुर्ख़ 
797,पाकिस्तान विदेश नीत दिन बदल सी दिख रह सऊद के रह पाकिस्तान तुर्क ओर झुक रह 
798,अभियुक्त पुलिसकर्म अविनाश राय नौकर बर्खास्त दिय गय मामल जाँच रह 
799,जम्म कश्मीर के कुलगाम जिल कथित चरमपंथ तीन लोग हत्य दी मार तीन लोग बीजेप के स्थानीय 
800,राजधा दिल्ल बी दिन रोज़ संक्रमण के मामल 5 हज़ार के आ रह रोज़ नय रिकॉर्ड बन रह 
801,फ़्रांस के राष्ट्रपत के ख़िलाफ़ भोपाल के इक़बाल मैदान विशाल प्रदर्शन प्रदेश राजनीत वजह बन गय 
802,भारतीय मीडिय दाव किय गय पाकिस्तान संसद बहस के पीएम मोद के नार लग 
803,इस्लाम मैक्र के बयान अरब देश नाराज़ग देश उनक समर्थन उतर भारत फ़्रांस के समर्थन बयान जार किय 
804,ट्रांसजेंडर समुदाय के लोग के नौकर ढ़ूढ़ आसान नह 
805,महिल के ख़िलाफ हिंसक अपराध भारत पाकिस्तान तेज़ क़ानून सख़्त सुधार बहस 
806,30 अक्तूबर भारत के परमाण कार्यक्रम के पितामह कह वाल होम जहांगीर भाभ जयं पढ़ रेहान फ़ज़ल विशेष लेख 
807,चीन बत पहाड़ तैनात अप जवान के क्य व्यवस्थ पढ़ के अख़बार प्रमुख सुर्ख़ 
808,फ़्रांस के चर्च हमल तीन लोग मौत पूर दुनिय प्रतिक्रिय साम आ रह 
810,राष्ट्रीय सुरक्ष एजेंस के अनुसार कथित एनजीओ ट्रस्ट अलगाव बढ़ाव दे के देश विदेश चंद जम रह 
811,अमरीक के ख़ुफ़िय अधिकार कह रूस ईरान 3 नवंबर वाल राष्ट्रपत चुनाव पहल वोटर्स प्रभावित कोशिश लग 
812,भारत चीन के लद्दाख लाइन ऑफ एक्चुअल कंट्रोल एलएस पिछल महीन गंभीर विवाद बन 
813,केंद्र सरकार 3067 लाख नॉन-गैज़ेटेड केंद्रीय कर्मचार तुरंत बोनस दे घोषण 
814,केंद्र सरकार ओर लाए तीन नए कृष क़ानून निष्प्रभाव के पंजाब विधानसभ तीन नए कृष विधेयक पारित 
815,जानकार कह रह सर्द बढ़ के भारत कोरो वायरस ख़तर बढ़ सक क्य डबल ख़तर बच तैयार रह 
816,कांग्रेस राहुल गांध कह चीन भारत धर कब्ज लिय पीएम मोद चीन नाम नह ले 
817,ऑट सेक्टर भारत जीडीप 7 प्रतिशत योगदान दे कोरो महामार सेक्टर बुर हाल दिय 
818,आर्टिकल 370 हट कोरो वायरस लॉकडाउन के कश्मीर सेब उद्योग दोबार खड़ तैयार 
819,तेजस्व यादव सियासत विरासत मिल चिराग पासवान अखिलेश यादव तुल दूसर वारिस कित अलग 
820,भारत लग रह आरोप शामिल वो मालदीव अप सैन्य मौजूदग स्थापित चाह 
821,सऊद अरब के नए बैंक नोट छप अंतरराष्ट्रीय सीम भारत सुधार के कह देश-दुनिय बड़ ख़बर लाइव अपडेट देख 
822,शार्ल एब्द के ताज़ कार्टून आख़िर ऐस क्य ले तुर्क कड़ आपत्त जत भारत फ़्रांसीस राष्ट्रपत समर्थन किय 
823,दिल्ल वेतन ले निगम के सफ़ कर्मचार हड़ताल चल दिल्ल कूड़ के ढेर तब्दील जाएग 
824,बिहार जन मूलभूत सुविध शामिल पा के परेशान लोग साफ पी पा उपलब्ध नह पा 
825,उत्तर प्रदेश के ललितपुर मध्य प्रदेश के भोपाल ट्रेन बि रुक चल रह ताक बच्च बच सक 
826,भारत अमरीक के बेसिक एक्‍सचेंज ऐंड कोऑपरेशन एग्रीमेंट BECA समेत अहम समझौ 
827,भारत कोरो वायरस वैक्सीन बन ले कोशिश जार इनम वैक्सीन के तीसर चरण मंज़ूर मिल 
828,भारत चीन पहल ख़राब रिश्त ले चर्च बन चीन ताज़ समझौ ले तीख प्रतिक्रिय दी 
829,भारत फ़ेसबुक बड़ अधिकार आरोप लग बीजेप के के ख़िलाफ़ नफ़रत फैल वाल कंप नीत लाग नह दिय 
830,बी कॉम छात्र के सिर गोल मार वाल युवक नूंह विधायक आफ़ताब अहमद चचेर भाई बत रह अख़बार सुर्ख 
831,फ़्रांस के चर्च हमल तीन लोग मौत पूर दुनिय प्रतिक्रिय साम आ रह 
833,राष्ट्रीय सुरक्ष एजेंस के अनुसार कथित एनजीओ ट्रस्ट अलगाव बढ़ाव दे के देश विदेश चंद जम रह 
834,मुंगेर दुर्ग प्रतिम विसर्जन के गोल चल घट के चुनाव आयोग एसप डीएम पद हट 
835,पाकिस्ता सांसद अयाज़ सादिक़ दाव किय विदेश मंत्र शाह महमूद क़ुरैश कह विंग कमांडर अभिनंदन रिह नह किय भारत रात नौ बज हमल देग 
836,बिग बाज़ार फ़्यूचर ग्रुप दुनिय के सबस अमीर शख़्स अमेज़ॉन के जेफ़ बेज़ोस भारत के सबस अमीर रिलायंस के मुकेश अंबा के आखिर क्य दाँव लग दोन के ठन 
837,नीस के मेयर क्रिश्चियन एस्ट्रोस पत्रकार बत संदिग्ध हमलावर बार-बार अल्लाह अकबर अल्लाह महान चिल्ल रह हमलावर गिरफ़्तार लिय गय 
838,बिहार चुनाव प्रचार के प्रधानमंत्र नरेंद्र मोद कांग्रेस राहुल गांध लगातार रैल रह 
839,उत्तर प्रदेश के बदायूं साल 2014 बहन पेड़ लटक मिल थीं सीबीआई जाँच विशेष पॉक्स कोर्ट सुनव के बावजूद परिवार इंसाफ़ इंतज़ार 
840,एनआईए के अनुसार छाप अलगाववाद चरमपंथ गतिविध मदद के धन जुट के संदेह मार पढ़ के अख़बार बड़ ख़बर 
841,केंद्र सरकार 3067 लाख नॉन-गैज़ेटेड केंद्रीय कर्मचार तुरंत बोनस दे घोषण 
842,केंद्र सरकार ओर लाए तीन नए कृष क़ानून निष्प्रभाव के पंजाब विधानसभ तीन नए कृष विधेयक पारित 
843,जानकार कह रह सर्द बढ़ के भारत कोरो वायरस ख़तर बढ़ सक क्य डबल ख़तर बच तैयार रह 
844,कांग्रेस राहुल गांध कह चीन भारत धर कब्ज लिय पीएम मोद चीन नाम नह ले 
845,ऑट सेक्टर भारत जीडीप 7 प्रतिशत योगदान दे कोरो महामार सेक्टर बुर हाल दिय 
846,आर्टिकल 370 हट कोरो वायरस लॉकडाउन के कश्मीर सेब उद्योग दोबार खड़ तैयार 
847,तेजस्व यादव सियासत विरासत मिल चिराग पासवान अखिलेश यादव तुल दूसर वारिस कित अलग 
848,भारत लग रह आरोप शामिल वो मालदीव अप सैन्य मौजूदग स्थापित चाह 
849,क्य भारत कोरो वायरस संक्रमण के मामल पीक आ चुक 
850,योग आदित्यानाथ महिल के ख़िलाफ़ अपराध रोक के एंट रोमिय स्क्वैड शुरुआत वो अचानक ग़ायब गय 
851,भारत-पाकिस्तान युद्ध औपचारिक शुरुआत 11 दिन बाक दिन पहल 4 सिख रेजिमेंट के सैनिक टैंक के पूर्वी-पाकिस्तान चौगाच क़स्ब तरफ बढ़ 
852,उत्तर प्रदेश पिछल के पत्रकार के ख़िलाफ़ सरकार छव ख़राब के आरोप लग मुक़दम दर्ज 
853,क़िस्स भारत पाकिस्तान के 1971 लड़ औपचारिक शुरुआत 11 दिन पहल 
854,स्वास्थ्य मंत्र कोरो वायरस ले जत चिं विदेश मंत्र चीन रिश्त दिय बयान पढ़ के अख़बार सुर्ख 
855,केरल कोरो पहल मामल जनवर साम आय 
856,बिहार चुनाव ले मिथक चर्च ख़ूब हालांक उनक सच्च क्य बात आम लोग इन्ह मिथक सच मान ले ऐस जान मिथक क्य उनक सच्च क्य 
857,शोएब आफ़ताब आकांक्ष सिंह परीक्ष 100 फ़ीसद नंबर मिल हालाँक नेशनल टेस्टिंग एजेंस एनटीए टाई-ब्रे पॉलिस के शोएब परीक्ष टॉपर घोषित किय गय 
858,अधिकार के मुताबिक़ दमकल 10 गाड़ घटनास्थल मौजूद जह इमारत के फँस लोग बच आग बुझ कोशिश रह 
859,अदालत शाह मस्जिद समित समेत चार पक्ष नोटिस जार किय 
860,आईएमएफ़ अनुमान प्रत व्यक्त जीडीप आन वाल दिन बांग्लादेश भारत पीछ छोड़ आग जाएग आखिर ऐस कैस होग 
861,अनुराग कश्यप यौन शोषण आरोप लग के मामल ऋच चड्ढ पायल घोष क़ानू नोटिस भेज 
862,भारत के लगभग 120 पूर्व सैन्य अधिकार राष्ट्रपत रामनाथ कोविंद मुस्लिम रेजिमेंट के बार ख़त लिख पढ़ अख़बार समीक्ष 
863,कश्मीर नियंत्रण रेख अक्सर गोलीबार ख़बर आत रह ऐस बस गाँव के लोग बत क्य बीत 
864,15 अक्तूबर भारत के के सबस लोकप्रिय राष्ट्रपत एपीज अब्दुल कलाम जयं उनक 88व जयं पढ़ विशेष लेख 
865,राज्य सरकार के फ़ैसल के अनुसार मल्टीप्लेक्स सिनेम घर अप्रैल 30 सितंबर अवध के लाइसेंस फी छूट दी 
866,उत्तराखंड के टिहर ज़िल रौत बेल नाम गांव पनीर विलेज के नाम मशहूर गांव सभ परिवार पनीर बन काम देख वीडिय 
867,राज्यपाल भगत सिंह कोश्यार चिट्ठ उनक भाष ले महाराष्ट्र राजनीत विवाद छिड़ गय 
868,सोशल मीडिय तनिष्क के विज्ञापन के विरोध कार्टून 
869,भारत जीडीप आईएमएफ़ के अनुमान आपक जीवन क्य मतलब समझ के पढ़ रिपोर्ट 
870,एनआईए 83 साल के फ़ादर स्टेन स्वाम गिरफ़्तार यूएपीए धाराएँ लग 
871,आईएमएफ़ अनुमान प्रत व्यक्त जीडीप आन वाल दिन बांग्लादेश भारत पीछ छोड़ आग जाएग क्य तुल सह 
872,भान अथैय साल 1982 रिलीज़ फ़िल्म गांध कॉस्ट्यूम डिज़ाइन के ऑस् पुरस्कार दिय गय 
873,बीएआरस टीव चैनल टीआरप निलंबित कार्टून 
874,पाकिस्तान कभ दूसर धुर-विरोध रह विपक्ष पार्ट इमरान ख़ान सरकार के ख़िलाफ़ लामबंद रह 
875,तेलंग आंध्र प्रदेश केरल कर्नाटक ओडिश महाराष्ट्र बुधवार मूसलाधार बारिश जनजीवन अस्त व्यस्त गय कम-से-कम 30 लोग मौत चुक 
876,चालक कार रोक के बजाय चल जार रख ट्रैफ़िक पुलिसकर्म कार के बॉनेट आ गय 
877,मिसाइल 400 किलोमीटर ज़्याद मार सक 
878,आकर्षण केंद्र वो शक्तिशाल पहलवान जिनक संबंध प्रसिद्ध भोल पहलवान परिवार दारुल सेहत सब भोल अखाड़ के नाम जान 
879,बिहार के जातिगत समीकरण बात लंब बीजेप हिंद पहचान के आधार वोटर लामबंद लग इसक सोशल इंजीनियरिंग उसक ध्यान रह 
880,गुरुवार राज्य सात मही के सिनेमाघर मल्टीप्लेक्स दोबार खुल रह 
881,भारतीय विदेश मंत्रालय के प्रवक् अनुराग श्रीवास्तव गुरुवार शाम मीडिय बातचीत पाकिस्ता एनएसए के दाव खंडन किय 
882,आईएमएफ़ अनुमान प्रत व्यक्त जीडीप आन वाल दिन बांग्लादेश भारत पीछ छोड़ आग जाएग क्य तुल सह 
883,भान अथैय साल 1982 रिलीज़ फ़िल्म गांध कॉस्ट्यूम डिज़ाइन के ऑस् पुरस्कार दिय गय 
884,बीएआरस टीव चैनल टीआरप निलंबित कार्टून 
885,पाकिस्तान कभ दूसर धुर-विरोध रह विपक्ष पार्ट इमरान ख़ान सरकार के ख़िलाफ़ लामबंद रह 
886,तेलंग आंध्र प्रदेश केरल कर्नाटक ओडिश महाराष्ट्र बुधवार मूसलाधार बारिश जनजीवन अस्त व्यस्त गय कम-से-कम 30 लोग मौत चुक 
887,चालक कार रोक के बजाय चल जार रख ट्रैफ़िक पुलिसकर्म कार के बॉनेट आ गय 
888,मिसाइल 400 किलोमीटर ज़्याद मार सक 
889,आकर्षण केंद्र वो शक्तिशाल पहलवान जिनक संबंध प्रसिद्ध भोल पहलवान परिवार दारुल सेहत सब भोल अखाड़ के नाम जान 
890,बिहार के जातिगत समीकरण बात लंब बीजेप हिंद पहचान के आधार वोटर लामबंद लग इसक सोशल इंजीनियरिंग उसक ध्यान रह 
891,एनआईए 83 साल के फ़ादर स्टेन स्वाम गिरफ़्तार यूएपीए धाराएँ लग 
